time,ax,ay,az,atotal
0.000,-0.02,0.06,0.14,0.15
0.010,0.13,-0.11,0.18,0.25
0.020,0.15,-0.13,-0.08,0.22
0.030,0.12,-0.07,-0.05,0.15
0.040,0.10,-0.07,0.16,0.20
0.050,0.11,-0.04,0.07,0.14
0.060,0.10,-0.00,0.07,0.12
0.070,0.05,0.03,0.11,0.13
0.080,0.00,0.04,0.05,0.06
0.090,-0.02,0.01,0.02,0.03
0.100,0.02,-0.02,0.10,0.11
0.109,0.08,-0.04,0.03,0.09
0.120,0.18,-0.08,0.05,0.21
0.129,0.18,-0.11,0.06,0.22
0.139,0.03,-0.09,0.09,0.13
0.149,-0.06,-0.02,0.10,0.12
0.159,-0.05,0.03,0.03,0.07
0.169,0.04,0.05,0.03,0.07
0.179,0.10,0.01,0.05,0.12
0.189,0.05,-0.04,0.09,0.11
0.199,0.01,-0.07,0.08,0.11
0.209,0.08,-0.08,0.03,0.12
0.219,0.11,-0.10,0.02,0.16
0.229,0.06,-0.07,0.07,0.12
0.239,0.03,-0.05,0.08,0.10
0.249,-0.00,-0.01,0.08,0.08
0.259,0.02,-0.00,0.05,0.05
0.269,0.07,0.01,0.05,0.08
0.279,0.09,-0.01,0.07,0.12
0.289,0.06,-0.03,0.09,0.12
0.298,0.05,-0.04,0.09,0.11
0.308,0.08,-0.04,0.05,0.10
0.318,0.12,-0.05,0.03,0.14
0.328,0.14,-0.05,0.06,0.16
0.338,0.08,-0.01,0.07,0.11
0.348,-0.02,0.01,0.09,0.10
0.358,-0.01,0.02,0.06,0.07
0.368,0.06,-0.01,0.03,0.07
0.378,0.10,-0.02,0.04,0.11
0.388,0.08,-0.05,0.09,0.13
0.398,0.04,-0.05,0.08,0.11
0.408,0.04,-0.04,0.07,0.09
0.418,0.05,-0.03,0.04,0.07
0.428,0.05,-0.01,0.05,0.07
0.438,0.04,-0.01,0.06,0.07
0.448,0.04,-0.04,0.06,0.08
0.458,0.02,-0.05,0.06,0.08
0.468,0.02,-0.05,0.06,0.08
0.478,0.04,-0.04,0.04,0.07
0.488,0.04,-0.04,0.06,0.08
0.497,0.05,-0.02,0.06,0.08
0.507,0.09,0.00,0.07,0.11
0.517,0.08,0.02,0.08,0.11
0.527,0.06,-0.00,0.06,0.09
0.537,0.07,-0.03,0.05,0.09
0.547,0.10,-0.04,0.07,0.13
0.557,0.12,-0.03,0.07,0.14
0.567,0.08,-0.02,0.06,0.10
0.577,0.05,-0.02,0.07,0.09
0.587,0.02,-0.02,0.06,0.07
0.597,0.03,-0.02,0.07,0.08
0.607,0.05,-0.02,0.10,0.11
0.617,-0.01,-0.02,0.09,0.09
0.627,-0.00,-0.00,0.05,0.05
0.637,0.08,-0.03,0.03,0.09
0.647,0.14,-0.05,0.03,0.15
0.657,0.11,-0.07,0.07,0.14
0.666,0.01,-0.08,0.08,0.11
0.676,-0.03,-0.06,0.06,0.09
0.686,-0.00,-0.05,0.04,0.07
0.697,0.03,-0.02,0.08,0.09
0.706,0.07,0.02,0.07,0.10
0.716,0.06,0.05,0.07,0.11
0.726,0.06,0.01,0.07,0.09
0.736,0.10,-0.03,0.05,0.11
0.746,0.11,-0.06,0.07,0.14
0.756,0.09,-0.07,0.05,0.12
0.766,0.03,-0.05,0.08,0.10
0.776,-0.02,-0.02,0.06,0.06
0.786,-0.03,-0.01,0.06,0.06
0.796,0.03,0.01,0.07,0.08
0.806,0.10,0.03,0.06,0.12
0.816,0.11,0.03,0.08,0.14
0.826,0.06,-0.02,0.09,0.11
0.836,0.06,-0.07,0.05,0.10
0.846,0.06,-0.11,0.04,0.13
0.856,0.03,-0.08,0.05,0.10
0.866,0.01,-0.04,0.07,0.08
0.875,-0.01,0.01,0.08,0.08
0.885,0.03,0.02,0.06,0.07
0.895,0.06,0.02,0.05,0.08
0.905,0.10,0.02,0.07,0.13
0.915,0.12,0.00,0.07,0.14
0.925,0.07,-0.01,0.08,0.11
0.935,0.07,-0.04,0.07,0.11
0.945,0.07,-0.06,0.05,0.10
0.955,0.06,-0.06,0.04,0.10
0.965,0.03,-0.03,0.07,0.08
0.975,0.01,-0.01,0.07,0.07
0.985,0.01,0.01,0.07,0.07
0.995,0.04,-0.01,0.04,0.06
1.005,0.08,-0.04,0.05,0.10
1.015,0.09,-0.04,0.05,0.11
1.025,0.06,-0.06,0.08,0.12
1.035,0.04,-0.04,0.06,0.09
1.045,0.03,-0.02,0.05,0.07
1.055,0.03,-0.01,0.06,0.07
1.065,0.04,-0.01,0.08,0.09
1.074,0.03,-0.02,0.07,0.08
1.084,0.03,-0.04,0.04,0.06
1.094,0.03,-0.05,0.07,0.10
1.104,0.06,-0.06,0.08,0.11
1.114,0.05,-0.03,0.06,0.09
1.124,0.04,-0.01,0.07,0.08
1.134,0.06,-0.00,0.07,0.09
1.144,0.06,-0.00,0.04,0.08
1.154,0.07,0.00,0.09,0.12
1.164,0.07,0.01,0.08,0.10
1.174,0.06,-0.01,0.07,0.09
1.184,0.06,-0.02,0.05,0.07
1.194,0.06,-0.04,0.06,0.09
1.204,0.08,-0.05,0.08,0.12
1.214,0.07,-0.03,0.07,0.10
1.224,0.04,-0.01,0.08,0.09
1.233,0.03,-0.00,0.05,0.06
1.243,0.03,-0.00,0.05,0.06
1.254,0.05,-0.02,0.07,0.09
1.263,0.04,-0.03,0.07,0.09
1.273,0.06,-0.03,0.07,0.10
1.283,0.05,-0.04,0.07,0.09
1.293,0.02,-0.04,0.05,0.07
1.303,0.00,-0.05,0.06,0.08
1.313,0.02,-0.04,0.05,0.07
1.323,0.04,-0.02,0.06,0.08
1.333,0.06,-0.02,0.07,0.10
1.343,0.05,-0.03,0.06,0.09
1.353,0.02,-0.04,0.06,0.08
1.363,0.03,-0.01,0.05,0.06
1.373,0.02,-0.02,0.07,0.08
1.383,0.03,-0.01,0.06,0.07
1.393,0.06,-0.01,0.09,0.10
1.403,0.03,-0.02,0.06,0.07
1.413,0.04,-0.04,0.05,0.07
1.423,0.01,-0.06,0.07,0.09
1.433,0.02,-0.04,0.07,0.08
1.442,0.01,-0.02,0.07,0.07
1.452,0.03,-0.00,0.06,0.07
1.462,0.03,0.00,0.05,0.06
1.472,0.06,-0.00,0.07,0.09
1.482,0.09,-0.01,0.07,0.11
1.492,0.07,-0.01,0.07,0.10
1.502,0.05,-0.00,0.06,0.08
1.512,0.05,-0.01,0.08,0.09
1.522,0.03,0.00,0.07,0.08
1.532,0.02,0.02,0.07,0.07
1.542,-0.00,0.00,0.07,0.07
1.552,-0.00,-0.02,0.06,0.07
1.562,0.03,-0.04,0.07,0.09
1.572,0.05,-0.05,0.05,0.08
1.582,0.03,-0.04,0.06,0.08
1.592,0.02,-0.06,0.07,0.10
1.602,0.01,-0.04,0.07,0.08
1.612,0.02,-0.01,0.06,0.06
1.622,0.04,-0.01,0.06,0.07
1.632,0.03,0.01,0.06,0.06
1.642,0.03,-0.00,0.07,0.08
1.651,0.03,-0.01,0.07,0.08
1.661,0.03,-0.04,0.05,0.07
1.671,0.03,-0.06,0.05,0.09
1.681,0.04,-0.06,0.04,0.08
1.691,0.02,-0.03,0.07,0.08
1.701,0.02,-0.03,0.06,0.07
1.711,0.03,-0.01,0.05,0.06
1.721,0.01,0.01,0.08,0.08
1.731,0.00,-0.00,0.06,0.06
1.741,0.04,-0.00,0.05,0.07
1.751,0.08,-0.01,0.07,0.10
1.761,0.09,-0.06,0.05,0.12
1.771,0.03,-0.05,0.06,0.09
1.781,-0.00,-0.04,0.04,0.06
1.791,0.01,-0.01,0.06,0.06
1.801,0.01,0.00,0.05,0.05
1.811,0.01,0.01,0.07,0.07
1.821,-0.00,0.00,0.08,0.08
1.830,0.01,-0.03,0.07,0.08
1.841,0.06,-0.06,0.04,0.09
1.850,0.05,-0.06,0.05,0.10
1.860,0.05,-0.03,0.06,0.09
1.870,0.04,-0.01,0.10,0.10
1.880,0.02,0.03,0.08,0.09
1.890,0.03,0.02,0.06,0.07
1.900,0.05,-0.01,0.06,0.08
1.910,0.02,-0.02,0.07,0.08
1.920,0.02,-0.01,0.08,0.08
1.930,0.03,-0.02,0.07,0.08
1.940,0.04,-0.02,0.07,0.08
1.950,0.05,-0.04,0.03,0.07
1.960,0.06,-0.04,0.06,0.09
1.970,0.02,-0.04,0.08,0.09
1.980,-0.00,-0.02,0.07,0.08
1.990,-0.01,0.00,0.06,0.07
2.000,0.01,-0.00,0.03,0.04
2.010,0.04,-0.02,0.06,0.08
2.020,0.05,-0.03,0.08,0.10
2.029,0.06,-0.03,0.06,0.09
2.039,0.04,-0.04,0.04,0.07
2.049,0.04,-0.04,0.06,0.08
2.059,0.03,-0.01,0.09,0.10
2.069,0.04,-0.00,0.09,0.10
2.079,0.03,0.00,0.07,0.08
2.089,0.01,-0.01,0.04,0.04
2.099,0.01,-0.03,0.05,0.06
2.109,0.03,-0.07,0.07,0.10
2.119,0.03,-0.06,0.04,0.08
2.129,0.02,-0.04,0.05,0.07
2.139,0.01,-0.02,0.08,0.08
2.149,0.03,0.02,0.05,0.06
2.159,0.05,0.03,0.06,0.09
2.169,0.06,0.03,0.09,0.11
2.179,0.06,0.01,0.07,0.09
2.189,0.04,-0.02,0.06,0.08
2.199,0.07,-0.04,0.02,0.09
2.209,0.05,-0.05,0.06,0.09
2.219,0.03,-0.03,0.07,0.08
2.228,0.01,-0.00,0.07,0.07
2.238,0.01,0.00,0.07,0.07
2.249,0.03,0.00,0.04,0.05
2.258,0.01,-0.00,0.06,0.06
2.268,0.02,-0.01,0.06,0.06
2.278,0.01,-0.02,0.07,0.08
2.288,0.02,-0.02,0.08,0.08
2.298,0.04,-0.02,0.06,0.08
2.308,0.03,-0.05,0.05,0.08
2.318,0.03,-0.05,0.04,0.07
2.328,0.01,-0.05,0.07,0.09
2.338,-0.01,-0.03,0.09,0.10
2.348,0.00,-0.00,0.04,0.04
2.358,0.03,0.01,0.05,0.06
2.368,0.05,-0.01,0.05,0.08
2.378,0.01,-0.01,0.07,0.08
2.388,0.01,0.01,0.07,0.07
2.398,0.06,0.00,0.07,0.09
2.408,0.05,0.02,0.08,0.10
2.418,0.06,0.01,0.08,0.10
2.427,0.07,-0.02,0.07,0.10
2.437,0.05,-0.05,0.04,0.08
2.447,0.01,-0.06,0.06,0.09
2.457,-0.02,-0.05,0.08,0.09
2.467,-0.03,-0.04,0.04,0.07
2.477,-0.01,-0.03,0.06,0.06
2.487,-0.02,-0.04,0.04,0.06
2.497,-0.03,-0.06,0.04,0.08
2.507,-0.01,-0.07,0.07,0.10
2.517,0.03,-0.06,0.07,0.10
2.527,0.06,-0.04,0.06,0.09
2.537,0.06,-0.01,0.08,0.10
2.547,0.05,0.04,0.07,0.09
2.557,0.03,0.05,0.07,0.09
2.567,0.07,0.04,0.05,0.09
2.577,0.12,0.04,0.07,0.14
2.587,0.11,0.02,0.10,0.15
2.597,0.09,0.01,0.11,0.14
2.607,0.07,-0.02,0.07,0.10
2.616,0.03,-0.02,0.04,0.06
2.626,-0.01,-0.03,0.03,0.05
2.636,-0.05,-0.05,0.09,0.11
2.646,-0.05,-0.02,0.07,0.09
2.656,-0.04,-0.01,0.07,0.08
2.666,0.01,-0.00,0.05,0.05
2.676,0.01,-0.02,0.06,0.07
2.686,0.01,-0.05,0.07,0.08
2.696,0.03,-0.07,0.07,0.11
2.706,0.03,-0.07,0.06,0.10
2.716,0.05,-0.04,0.07,0.09
2.726,0.05,-0.01,0.07,0.09
2.736,0.04,0.03,0.05,0.07
2.746,0.01,0.03,0.06,0.07
2.756,0.03,0.01,0.07,0.08
2.766,0.06,-0.02,0.08,0.10
2.776,0.05,-0.03,0.06,0.08
2.785,0.03,-0.04,0.08,0.09
2.796,0.04,-0.03,0.07,0.09
2.806,0.03,-0.04,0.05,0.07
2.816,0.00,-0.01,0.06,0.06
2.825,-0.01,0.01,0.06,0.07
2.835,-0.01,-0.00,0.07,0.07
2.845,0.00,-0.01,0.07,0.07
2.855,0.02,-0.04,0.08,0.09
2.865,0.02,-0.06,0.06,0.09
2.875,0.04,-0.06,0.07,0.10
2.885,0.04,-0.03,0.05,0.08
2.895,0.06,-0.01,0.06,0.09
2.905,0.07,0.01,0.08,0.11
2.915,0.07,0.03,0.09,0.12
2.925,0.04,0.03,0.07,0.09
2.935,0.03,-0.00,0.04,0.05
2.945,0.01,-0.04,0.07,0.08
2.955,0.01,-0.05,0.05,0.07
2.965,0.03,-0.06,0.07,0.09
2.975,0.03,-0.04,0.06,0.08
2.985,0.01,-0.04,0.04,0.06
2.995,-0.01,-0.04,0.06,0.07
3.005,-0.01,-0.04,0.07,0.08
3.014,-0.01,-0.03,0.04,0.06
3.024,0.01,-0.04,0.06,0.07
3.034,0.04,-0.02,0.06,0.08
3.044,0.06,-0.01,0.06,0.09
3.054,0.03,-0.02,0.07,0.08
3.064,0.02,-0.02,0.08,0.09
3.074,0.02,0.01,0.05,0.05
3.084,0.05,0.02,0.05,0.07
3.094,0.07,0.01,0.07,0.10
3.104,0.06,-0.00,0.06,0.08
3.114,0.05,-0.01,0.09,0.10
3.124,-0.01,-0.01,0.09,0.09
3.134,-0.03,0.02,0.07,0.08
3.144,0.05,0.04,0.04,0.08
3.154,0.15,0.01,0.07,0.16
3.164,0.11,0.01,0.09,0.14
3.174,0.00,-0.00,0.10,0.10
3.184,-0.02,-0.02,0.06,0.07
3.193,0.03,-0.06,0.03,0.07
3.204,0.04,-0.11,0.02,0.12
3.213,-0.04,-0.11,0.06,0.13
3.223,-0.08,-0.10,0.04,0.13
3.233,-0.04,-0.07,0.06,0.10
3.243,0.05,-0.04,0.06,0.09
3.253,0.11,-0.02,0.08,0.13
3.263,0.05,0.02,0.08,0.10
3.273,0.01,0.04,0.11,0.11
3.283,0.06,0.02,0.03,0.07
3.293,0.08,0.00,0.06,0.09
3.303,0.02,-0.01,0.07,0.07
3.313,-0.02,0.00,0.11,0.11
3.323,-0.00,0.03,0.07,0.08
3.333,0.04,0.04,0.05,0.08
3.343,0.06,0.03,0.06,0.09
3.353,0.09,0.01,0.07,0.11
3.363,0.10,0.01,0.10,0.14
3.373,0.07,0.02,0.07,0.10
3.383,0.00,0.00,0.05,0.06
3.392,-0.01,-0.02,0.05,0.05
3.402,-0.03,-0.03,0.09,0.10
3.412,0.01,0.01,0.06,0.06
3.422,0.02,-0.05,0.05,0.07
3.432,0.04,-0.09,0.05,0.11
3.442,0.04,-0.06,0.03,0.08
3.452,0.01,-0.09,0.09,0.13
3.462,-0.03,-0.09,0.06,0.11
3.472,-0.03,-0.07,0.04,0.09
3.482,-0.04,-0.03,0.04,0.07
3.492,-0.01,-0.00,0.08,0.08
3.502,0.06,-0.01,0.06,0.08
3.512,0.10,-0.03,0.05,0.11
3.523,0.07,-0.03,0.07,0.11
3.532,0.01,-0.04,0.10,0.11
3.542,0.00,0.00,0.09,0.09
3.552,0.03,0.02,0.06,0.07
3.562,0.05,0.01,0.05,0.07
3.572,0.07,-0.01,0.06,0.09
3.581,0.07,-0.03,0.04,0.09
3.591,0.04,-0.05,0.09,0.10
3.601,0.01,-0.02,0.06,0.06
3.611,-0.02,-0.00,0.07,0.07
3.621,-0.02,0.01,0.06,0.06
3.631,-0.00,-0.01,0.05,0.06
3.641,0.02,-0.06,0.05,0.08
3.651,0.06,-0.09,0.05,0.12
3.661,0.05,-0.09,0.05,0.11
3.671,0.03,-0.06,0.07,0.10
3.681,0.00,-0.03,0.07,0.08
3.691,-0.03,0.01,0.03,0.04
3.701,-0.01,-0.00,0.04,0.04
3.711,-0.02,-0.00,0.05,0.05
3.721,0.05,-0.03,0.08,0.10
3.731,0.08,-0.02,0.10,0.13
3.741,0.08,-0.01,0.09,0.12
3.751,0.04,-0.01,0.06,0.07
3.761,-0.01,-0.03,0.05,0.06
3.770,-0.01,-0.01,0.06,0.07
3.780,0.03,0.01,0.07,0.08
3.790,0.06,0.04,0.10,0.13
3.800,0.08,0.06,0.08,0.13
3.810,0.05,0.03,0.05,0.08
3.820,0.03,-0.06,0.07,0.10
3.830,-0.02,-0.07,0.07,0.11
3.840,-0.03,-0.04,0.05,0.07
3.850,-0.01,0.00,0.05,0.05
3.860,0.03,0.04,0.08,0.09
3.870,0.06,0.03,0.05,0.08
3.880,0.06,-0.03,0.07,0.10
3.890,0.05,-0.09,0.02,0.10
3.900,0.01,-0.10,0.04,0.11
3.910,-0.02,-0.06,0.17,0.18
3.920,-0.01,-0.04,0.04,0.06
3.930,0.01,-0.03,0.02,0.04
3.940,0.04,-0.02,0.07,0.08
3.950,0.06,-0.01,0.04,0.07
3.960,0.07,-0.00,0.12,0.14
3.970,0.08,0.01,0.07,0.11
3.979,0.04,-0.01,0.02,0.05
3.989,0.02,-0.04,0.01,0.05
3.999,0.01,-0.04,0.11,0.12
4.009,-0.00,-0.00,0.03,0.03
4.019,0.02,0.03,0.09,0.10
4.029,0.05,0.02,0.07,0.09
4.039,0.04,0.02,0.06,0.08
4.049,0.05,-0.00,0.08,0.09
4.059,0.10,-0.01,0.08,0.13
4.069,0.08,0.00,0.08,0.11
4.079,0.06,0.00,0.04,0.07
4.089,0.02,-0.03,0.07,0.08
4.099,-0.02,-0.06,0.07,0.09
4.109,-0.07,-0.05,0.02,0.09
4.119,-0.12,-0.04,0.05,0.13
4.129,-0.14,-0.02,0.02,0.14
4.139,-0.07,-0.01,0.05,0.08
4.149,0.04,-0.01,0.08,0.09
4.159,0.09,-0.03,0.03,0.10
4.168,0.10,-0.01,0.14,0.17
4.178,0.08,0.01,0.10,0.13
4.188,0.08,0.03,0.05,0.10
4.198,0.09,0.03,0.05,0.11
4.208,0.09,0.01,0.09,0.13
4.218,0.04,-0.04,0.07,0.09
4.228,-0.01,-0.08,0.08,0.12
4.238,0.01,-0.03,0.05,0.06
4.248,-0.02,0.03,0.00,0.04
4.258,-0.07,-0.04,0.04,0.09
4.268,-0.02,-0.06,0.10,0.12
4.278,0.06,-0.04,0.09,0.12
4.288,0.12,0.01,0.07,0.14
4.298,0.13,0.04,0.07,0.15
4.308,0.09,0.00,0.06,0.11
4.318,0.04,-0.03,0.05,0.07
4.328,-0.01,-0.06,0.06,0.09
4.337,-0.05,-0.06,0.03,0.09
4.348,-0.08,-0.05,0.04,0.10
4.358,-0.08,-0.07,0.06,0.12
4.368,-0.08,-0.07,0.02,0.11
4.377,-0.03,-0.07,0.07,0.10
4.387,0.02,-0.05,0.06,0.09
4.397,0.05,-0.04,0.07,0.10
4.407,0.07,-0.02,0.06,0.09
4.417,0.07,0.00,0.10,0.12
4.427,0.05,0.01,0.08,0.09
4.437,0.05,0.01,0.09,0.10
4.447,0.06,0.01,0.08,0.10
4.457,0.06,0.02,0.04,0.08
4.467,0.04,0.01,0.06,0.07
4.477,0.04,0.02,0.08,0.09
4.487,0.03,0.01,0.06,0.07
4.497,0.07,0.01,0.06,0.09
4.507,0.08,0.00,0.09,0.12
4.517,0.04,-0.01,0.07,0.09
4.527,0.00,-0.02,0.06,0.07
4.537,0.01,-0.03,0.05,0.06
4.547,0.03,-0.04,0.05,0.07
4.557,0.03,-0.05,0.05,0.07
4.567,-0.00,-0.05,0.07,0.09
4.576,-0.02,-0.05,0.07,0.09
4.586,-0.00,-0.04,0.04,0.06
4.596,0.01,-0.04,0.06,0.07
4.606,0.00,-0.05,0.06,0.08
4.616,-0.00,-0.03,0.07,0.08
4.626,0.01,-0.00,0.07,0.07
4.636,0.05,0.06,0.09,0.11
4.646,0.07,0.08,0.10,0.14
4.656,0.08,0.07,0.09,0.14
4.666,0.06,0.01,0.08,0.10
4.676,0.05,-0.02,0.05,0.07
4.686,0.02,-0.04,0.04,0.06
4.696,-0.00,-0.04,0.05,0.06
4.706,0.02,-0.05,0.06,0.08
4.716,0.04,-0.03,0.03,0.06
4.726,0.04,-0.01,0.05,0.07
4.736,0.01,-0.02,0.08,0.08
4.746,-0.01,-0.02,0.08,0.08
4.755,-0.00,-0.04,0.04,0.05
4.765,0.05,-0.04,0.07,0.09
4.775,0.08,-0.06,0.06,0.12
4.785,0.04,-0.06,0.05,0.09
4.795,-0.01,-0.08,0.06,0.10
4.805,-0.06,-0.06,0.05,0.10
4.815,-0.06,-0.06,0.03,0.09
4.825,-0.04,-0.06,0.05,0.09
4.835,-0.02,-0.04,0.06,0.08
4.845,0.00,-0.05,0.04,0.06
4.855,0.04,-0.01,0.08,0.09
4.865,0.04,0.01,0.07,0.08
4.875,0.04,0.02,0.08,0.09
4.885,0.05,0.03,0.07,0.09
4.895,0.06,0.04,0.06,0.10
4.905,0.08,0.05,0.10,0.13
4.915,0.10,0.06,0.09,0.15
4.925,0.09,0.03,0.04,0.10
4.935,0.06,-0.02,0.07,0.10
4.944,0.01,-0.05,0.06,0.08
4.954,-0.04,-0.01,0.05,0.06
4.964,-0.02,0.03,0.09,0.10
4.974,0.03,0.07,0.08,0.11
4.984,0.07,0.03,0.08,0.11
4.994,0.04,-0.03,0.08,0.09
5.004,0.02,-0.08,0.08,0.12
5.014,-0.03,-0.10,0.08,0.13
5.024,-0.01,-0.06,0.04,0.07
5.034,0.01,0.01,0.06,0.06
5.044,0.00,0.02,0.07,0.08
5.054,-0.01,-0.01,0.06,0.06
5.064,-0.04,-0.07,0.06,0.10
5.074,-0.02,-0.10,0.08,0.13
5.084,0.02,-0.10,0.01,0.10
5.094,0.00,-0.05,0.07,0.09
5.104,-0.01,0.02,0.08,0.08
5.114,0.02,0.03,0.05,0.06
5.124,0.04,0.02,0.07,0.08
5.134,0.06,-0.01,-0.01,0.06
5.143,-0.01,-0.03,0.12,0.13
5.153,0.04,-0.04,0.10,0.11
5.163,0.08,-0.03,0.06,0.10
5.173,0.05,-0.01,0.06,0.08
5.183,0.03,0.00,0.02,0.03
5.193,-0.00,-0.03,0.07,0.08
5.203,-0.01,-0.05,0.07,0.09
5.213,-0.00,-0.07,0.06,0.09
5.223,0.00,-0.06,0.05,0.08
5.233,0.00,-0.01,0.04,0.04
5.243,0.03,0.03,0.06,0.08
5.253,0.04,0.04,0.06,0.08
5.263,0.02,0.05,0.09,0.11
5.273,0.04,0.02,0.09,0.10
5.283,0.06,0.03,0.08,0.10
5.293,0.07,0.03,0.10,0.12
5.303,0.05,0.04,0.05,0.08
5.313,-0.02,0.03,0.05,0.06
5.322,-0.03,0.02,0.11,0.12
5.332,-0.01,0.02,0.12,0.12
5.342,0.01,0.01,0.05,0.05
5.353,0.09,-0.00,0.05,0.10
5.362,0.06,0.00,-0.05,0.08
5.372,0.01,-0.00,0.17,0.17
5.382,0.06,-0.01,0.11,0.13
5.392,0.10,-0.06,0.04,0.12
5.402,0.09,-0.08,-0.04,0.13
5.412,-0.03,-0.15,0.04,0.16
5.422,-0.08,-0.10,0.04,0.13
5.432,-0.07,-0.01,0.16,0.17
5.442,0.01,0.07,0.11,0.13
5.452,0.10,0.08,0.01,0.13
5.462,0.12,-0.04,0.01,0.12
5.472,0.06,-0.22,0.04,0.23
5.482,-0.01,-0.33,0.04,0.33
5.492,-0.12,-0.29,-0.00,0.31
5.502,-0.15,-0.18,-0.00,0.23
5.511,-0.14,-0.08,0.03,0.17
5.521,-0.12,-0.04,0.08,0.15
5.531,-0.08,-0.05,0.06,0.11
5.541,-0.03,-0.05,-0.03,0.06
5.551,0.03,-0.03,0.16,0.17
5.561,0.07,0.03,0.08,0.11
5.571,0.14,0.12,0.11,0.21
5.581,0.17,0.20,0.15,0.30
5.591,0.21,0.28,0.18,0.39
5.601,0.20,0.29,0.14,0.38
5.611,0.19,0.21,0.09,0.30
5.621,0.17,0.07,0.08,0.20
5.631,0.15,-0.05,0.06,0.17
5.641,0.07,-0.12,0.05,0.14
5.651,-0.02,-0.12,0.07,0.14
5.661,-0.10,-0.07,0.06,0.14
5.671,-0.13,0.02,0.05,0.14
5.681,-0.10,0.08,0.05,0.14
5.691,-0.04,0.08,0.05,0.11
5.701,0.01,-0.02,0.10,0.10
5.711,0.07,-0.14,-0.02,0.15
5.721,0.05,-0.18,0.08,0.20
5.730,0.06,-0.12,0.16,0.20
5.740,0.03,-0.06,0.02,0.07
5.750,-0.07,-0.07,-0.03,0.10
5.760,-0.15,-0.14,-0.01,0.21
5.770,-0.15,-0.21,0.04,0.26
5.780,-0.08,-0.18,0.07,0.21
5.790,0.03,-0.07,0.07,0.10
5.800,0.08,0.08,0.08,0.14
5.810,0.09,0.14,0.10,0.19
5.820,0.10,0.08,0.08,0.16
5.830,0.08,-0.07,0.02,0.11
5.840,0.02,-0.20,0.00,0.20
5.850,0.01,-0.17,0.05,0.18
5.860,0.02,-0.05,0.07,0.09
5.870,-0.00,0.05,0.08,0.09
5.880,-0.01,0.15,0.09,0.17
5.890,0.01,0.16,0.07,0.18
5.899,0.04,0.07,0.07,0.11
5.909,0.07,-0.11,0.06,0.15
5.919,0.08,-0.24,0.03,0.25
5.929,0.06,-0.26,0.03,0.27
5.939,0.00,-0.19,0.03,0.19
5.949,-0.07,-0.08,0.05,0.12
5.959,-0.13,0.02,0.08,0.15
5.969,-0.12,0.05,0.09,0.16
5.979,-0.06,0.05,0.06,0.10
5.990,0.03,0.04,0.06,0.08
5.999,0.11,0.03,0.13,0.17
6.009,0.15,0.01,0.09,0.17
6.019,0.12,0.04,0.08,0.15
6.029,0.07,0.06,0.07,0.12
6.039,0.02,0.07,0.12,0.14
6.049,0.02,0.03,0.07,0.08
6.059,0.03,-0.01,0.07,0.07
6.069,0.04,-0.04,0.07,0.09
6.079,0.04,-0.06,0.04,0.08
6.089,0.04,-0.06,0.08,0.11
6.098,0.01,-0.04,0.04,0.06
6.108,0.01,-0.03,0.06,0.07
6.118,0.00,-0.01,0.04,0.04
6.128,0.03,0.00,0.05,0.06
6.138,0.06,0.06,0.04,0.09
6.148,0.08,0.10,0.19,0.22
6.158,0.05,0.09,0.13,0.16
6.168,0.02,0.02,0.09,0.10
6.178,-0.03,-0.07,-0.00,0.08
6.188,-0.04,-0.12,0.05,0.14
6.198,-0.04,-0.11,0.08,0.14
6.208,-0.01,-0.05,0.03,0.06
6.218,0.03,-0.00,0.04,0.05
6.228,0.03,0.02,0.06,0.07
6.238,0.02,0.01,0.08,0.08
6.248,0.03,-0.00,0.07,0.08
6.258,0.06,0.04,0.08,0.11
6.268,0.11,0.09,0.16,0.21
6.278,0.12,0.11,0.11,0.20
6.288,0.12,0.09,0.05,0.16
6.298,0.09,0.02,0.03,0.10
6.307,0.04,-0.05,0.06,0.09
6.318,-0.02,-0.12,0.06,0.13
6.327,-0.05,-0.15,0.04,0.16
6.337,-0.01,-0.11,0.02,0.11
6.347,0.01,-0.07,0.06,0.09
6.357,0.01,-0.04,0.07,0.08
6.367,0.01,-0.02,0.06,0.06
6.377,-0.00,-0.02,0.08,0.08
6.387,-0.03,-0.06,0.07,0.10
6.397,-0.02,-0.09,0.03,0.10
6.407,-0.02,-0.11,0.03,0.11
6.417,-0.02,-0.09,0.08,0.12
6.427,-0.02,-0.05,0.09,0.10
6.437,-0.03,-0.04,0.06,0.08
6.447,-0.03,-0.03,0.08,0.09
6.457,-0.03,-0.04,0.07,0.09
6.467,-0.00,-0.03,0.07,0.08
6.477,0.03,-0.02,0.05,0.06
6.486,0.03,0.01,0.04,0.05
6.496,-0.02,0.06,0.07,0.09
6.506,-0.03,0.06,0.08,0.11
6.516,0.02,0.07,0.16,0.17
6.526,0.06,0.05,0.02,0.08
6.536,0.11,0.04,0.09,0.15
6.546,0.14,0.02,0.11,0.17
6.556,0.13,0.03,0.07,0.15
6.566,0.05,0.01,0.10,0.12
6.576,-0.04,-0.01,-0.07,0.08
6.586,-0.06,-0.06,0.06,0.10
6.596,-0.02,-0.11,0.18,0.21
6.606,0.01,-0.14,0.03,0.14
6.616,0.03,-0.14,-0.08,0.17
6.626,0.01,-0.10,-0.02,0.10
6.636,-0.02,-0.07,0.19,0.20
6.646,-0.03,-0.06,0.10,0.12
6.656,-0.01,-0.08,0.07,0.11
6.666,0.02,-0.10,0.06,0.12
6.676,0.02,-0.07,0.01,0.07
6.685,0.02,-0.01,0.06,0.06
6.695,0.03,0.05,0.13,0.15
6.706,0.05,0.05,0.11,0.13
6.715,0.02,0.06,0.06,0.09
6.725,0.01,0.04,0.09,0.10
6.735,0.03,0.04,0.02,0.05
6.745,0.08,0.01,0.06,0.10
6.755,0.12,0.00,0.13,0.18
6.765,0.12,-0.02,0.05,0.14
6.775,0.07,-0.05,0.03,0.09
6.785,0.01,-0.04,0.00,0.04
6.795,-0.09,-0.03,-0.08,0.12
6.805,-0.08,-0.01,0.29,0.30
6.815,-0.02,-0.00,0.11,0.11
6.825,0.05,-0.04,-0.00,0.06
6.835,0.07,-0.07,0.05,0.11
6.845,0.05,-0.09,0.04,0.11
6.855,-0.01,-0.10,0.12,0.16
6.865,-0.05,-0.10,0.09,0.14
6.875,-0.07,-0.10,0.05,0.13
6.885,-0.06,-0.10,0.03,0.12
6.894,-0.08,-0.11,0.08,0.16
6.904,-0.06,-0.09,0.05,0.12
6.914,-0.03,-0.04,0.00,0.06
6.924,-0.04,-0.00,0.08,0.08
6.934,-0.02,0.01,0.11,0.12
6.944,0.02,0.06,0.08,0.10
6.954,0.08,0.11,0.16,0.21
6.964,0.14,0.12,0.09,0.21
6.974,0.17,0.09,0.08,0.21
6.984,0.16,0.06,0.09,0.19
6.994,0.12,0.02,0.10,0.15
7.004,0.06,0.00,0.04,0.08
7.014,0.01,-0.00,0.08,0.08
7.024,-0.01,-0.03,0.09,0.10
7.034,-0.03,-0.06,0.05,0.08
7.044,-0.04,-0.07,0.06,0.10
7.054,-0.03,-0.06,0.10,0.12
7.064,0.03,-0.01,0.07,0.08
7.074,0.11,0.05,0.03,0.12
7.083,0.13,0.13,0.09,0.21
7.093,0.09,0.15,0.11,0.21
7.103,0.04,0.15,0.10,0.18
7.113,0.04,0.08,0.10,0.13
7.123,0.05,0.03,0.10,0.11
7.133,0.02,-0.03,0.07,0.08
7.143,-0.02,-0.05,0.04,0.07
7.153,0.00,-0.04,0.05,0.07
7.163,0.06,-0.00,0.08,0.10
7.173,0.07,0.04,0.12,0.14
7.183,0.05,0.08,0.09,0.14
7.193,0.04,0.06,0.07,0.10
7.203,0.05,-0.04,0.03,0.07
7.213,0.07,-0.16,0.02,0.17
7.223,0.03,-0.21,0.07,0.23
7.233,-0.07,-0.18,0.08,0.21
7.242,-0.09,-0.07,0.06,0.13
7.253,-0.11,0.00,0.03,0.11
7.263,-0.10,-0.03,0.01,0.10
7.273,-0.11,-0.14,-0.12,0.21
7.282,-0.03,-0.26,0.07,0.28
7.292,0.05,-0.35,0.21,0.42
7.302,0.10,-0.32,0.06,0.34
7.312,0.04,-0.17,0.03,0.18
7.322,-0.11,0.05,0.05,0.13
7.332,-0.21,0.22,0.08,0.31
7.342,-0.15,0.32,0.11,0.37
7.352,0.00,0.30,0.09,0.31
7.362,0.17,0.21,0.06,0.27
7.372,0.31,0.06,0.11,0.34
7.382,0.34,-0.07,0.13,0.37
7.392,0.27,-0.13,0.03,0.30
7.402,0.07,-0.13,-0.04,0.15
7.412,-0.06,-0.03,0.14,0.15
7.422,-0.09,0.09,0.11,0.17
7.432,-0.06,0.14,0.05,0.16
7.442,-0.03,0.08,0.04,0.09
7.452,0.00,-0.05,0.05,0.07
7.461,0.02,-0.17,0.04,0.17
7.471,0.03,-0.20,0.07,0.22
7.481,0.05,-0.16,0.12,0.21
7.491,0.02,-0.06,0.07,0.10
7.501,-0.05,0.02,0.07,0.09
7.511,-0.09,0.06,0.06,0.12
7.521,-0.09,0.05,0.04,0.10
7.531,-0.03,-0.03,0.08,0.09
7.541,0.04,-0.12,0.02,0.13
7.551,0.05,-0.16,0.07,0.18
7.561,0.03,-0.14,0.11,0.18
7.571,-0.01,-0.08,0.05,0.10
7.581,-0.03,-0.01,0.06,0.06
7.591,-0.03,0.04,0.06,0.07
7.601,0.01,0.04,0.05,0.06
7.611,0.03,0.00,0.11,0.11
7.621,0.05,-0.05,0.06,0.09
7.631,0.06,-0.08,0.02,0.10
7.640,0.06,-0.06,0.03,0.09
7.651,-0.02,-0.02,-0.14,0.14
7.661,-0.03,0.03,0.35,0.35
7.670,-0.01,0.07,0.13,0.15
7.680,0.02,0.07,0.03,0.08
7.691,0.06,0.04,0.09,0.11
7.700,0.09,0.01,0.10,0.13
7.710,0.05,-0.02,0.06,0.08
7.720,0.03,-0.06,0.06,0.09
7.730,0.02,-0.08,0.10,0.13
7.740,0.02,-0.04,0.05,0.07
7.750,0.04,-0.01,0.06,0.08
7.760,0.04,0.03,0.07,0.09
7.770,0.03,0.05,0.06,0.09
7.780,0.07,0.04,0.07,0.10
7.790,0.07,-0.02,0.09,0.12
7.800,0.05,-0.05,0.07,0.10
7.810,0.02,-0.05,0.08,0.10
7.820,0.02,-0.06,0.08,0.10
7.830,0.03,-0.03,0.05,0.06
7.840,0.02,0.02,0.08,0.08
7.849,-0.01,0.04,0.07,0.09
7.860,-0.05,0.02,0.07,0.09
7.870,-0.04,-0.00,0.07,0.08
7.879,0.02,-0.03,0.10,0.10
7.889,0.06,-0.06,0.07,0.11
7.899,0.07,-0.06,0.06,0.11
7.909,0.08,-0.04,0.08,0.11
7.919,0.05,0.00,0.05,0.07
7.929,0.03,0.05,0.06,0.09
7.939,0.04,0.03,0.07,0.08
7.949,0.03,-0.02,0.06,0.08
7.959,0.02,-0.06,0.08,0.10
7.969,-0.03,-0.08,0.06,0.10
7.979,-0.03,-0.07,0.04,0.09
7.989,-0.01,-0.07,0.05,0.09
7.999,0.01,-0.04,0.06,0.07
8.009,0.04,-0.03,0.07,0.09
8.019,0.09,-0.02,0.09,0.12
8.028,0.07,-0.01,0.07,0.10
8.038,0.04,-0.02,0.09,0.10
8.048,0.00,-0.03,0.03,0.04
8.058,-0.01,-0.06,0.07,0.09
8.068,-0.01,-0.05,0.07,0.09
8.078,-0.01,-0.03,0.08,0.09
8.088,0.02,-0.00,0.03,0.04
8.098,0.06,0.01,0.09,0.11
8.108,0.11,0.05,0.04,0.13
8.118,0.13,0.08,0.10,0.18
8.128,0.13,0.09,0.07,0.18
8.138,0.10,0.06,0.11,0.16
8.148,0.07,0.01,0.06,0.09
8.158,0.06,0.00,0.05,0.07
8.168,0.03,0.00,0.06,0.07
8.178,0.02,-0.01,0.07,0.08
8.188,0.01,-0.05,0.07,0.09
8.198,0.01,-0.06,0.08,0.10
8.208,0.03,-0.07,0.08,0.11
8.218,0.02,-0.07,0.05,0.09
8.227,-0.00,-0.06,0.03,0.07
8.237,-0.01,-0.08,0.08,0.11
8.247,-0.01,-0.08,0.02,0.08
8.257,0.04,-0.08,0.05,0.09
8.267,0.07,-0.05,0.14,0.16
8.277,0.10,0.00,0.09,0.14
8.287,0.08,0.02,0.03,0.09
8.297,0.10,0.02,0.10,0.15
8.307,0.11,-0.02,0.05,0.12
8.317,0.04,-0.06,0.01,0.08
8.327,-0.01,-0.06,0.06,0.09
8.337,-0.00,-0.04,0.16,0.16
8.347,0.06,0.02,0.06,0.09
8.357,0.18,0.08,0.06,0.20
8.367,0.22,0.08,0.15,0.28
8.377,0.19,0.07,0.08,0.22
8.387,0.14,0.02,0.10,0.17
8.397,0.09,-0.06,0.04,0.12
8.407,0.01,-0.10,0.01,0.10
8.417,-0.10,-0.11,0.02,0.15
8.426,-0.19,-0.08,-0.00,0.21
8.436,-0.21,-0.05,0.04,0.22
8.446,-0.11,-0.02,0.04,0.12
8.456,0.01,0.03,0.08,0.09
8.466,0.09,0.02,0.09,0.13
8.476,0.13,0.00,0.07,0.15
8.486,0.14,-0.03,0.08,0.16
8.496,0.11,-0.05,0.07,0.14
8.506,0.04,-0.07,0.07,0.11
8.516,-0.04,-0.06,0.05,0.09
8.526,-0.11,-0.04,0.04,0.12
8.536,-0.12,-0.04,0.02,0.13
8.546,-0.06,-0.02,0.01,0.07
8.556,0.05,0.00,0.10,0.11
8.566,0.10,0.00,0.09,0.14
8.576,0.13,0.01,0.11,0.17
8.586,0.10,-0.01,0.07,0.13
8.596,0.05,-0.04,0.03,0.07
8.606,-0.00,-0.05,0.05,0.07
8.616,-0.04,-0.05,0.05,0.08
8.625,-0.03,-0.02,0.05,0.06
8.635,0.02,-0.02,0.08,0.08
8.645,0.04,-0.01,0.08,0.09
8.655,0.05,-0.02,0.08,0.09
8.665,0.04,-0.01,0.04,0.06
8.675,0.04,0.01,0.08,0.09
8.685,0.08,0.00,0.12,0.14
8.695,0.08,0.02,0.07,0.11
8.705,0.05,0.02,0.07,0.09
8.715,-0.01,0.01,0.05,0.05
8.725,-0.02,-0.02,0.05,0.05
8.735,-0.01,-0.04,0.06,0.07
8.745,-0.01,-0.06,0.08,0.10
8.755,0.01,-0.04,0.06,0.07
8.765,0.04,-0.01,0.05,0.06
8.775,0.05,0.02,0.06,0.08
8.785,0.05,0.03,0.07,0.09
8.795,0.04,0.03,0.10,0.11
8.805,0.02,0.01,0.08,0.08
8.815,0.01,-0.05,0.06,0.08
8.824,0.01,-0.07,0.07,0.10
8.834,0.00,-0.07,0.05,0.08
8.844,-0.01,-0.04,0.08,0.09
8.854,0.01,-0.03,0.06,0.07
8.864,0.04,-0.02,0.05,0.06
8.874,0.04,-0.04,0.08,0.10
8.884,-0.00,-0.04,0.07,0.09
8.894,-0.03,-0.05,0.05,0.08
8.904,-0.02,-0.06,0.06,0.08
8.914,0.01,-0.06,0.05,0.08
8.924,0.04,-0.07,0.06,0.10
8.934,0.05,-0.05,0.07,0.10
8.944,0.03,-0.01,0.07,0.07
8.954,0.02,0.02,0.08,0.09
8.964,0.03,0.02,0.09,0.10
8.974,0.06,0.02,0.05,0.08
8.984,0.08,0.02,0.08,0.12
8.994,0.06,0.02,0.08,0.10
9.004,0.04,0.03,0.07,0.09
9.013,0.04,0.05,0.10,0.12
9.024,0.06,0.06,0.09,0.12
9.033,0.05,0.06,0.08,0.11
9.043,0.02,0.05,0.09,0.10
9.053,0.01,-0.00,0.08,0.08
9.063,0.02,-0.07,0.06,0.10
9.073,0.03,-0.12,0.05,0.13
9.083,0.00,-0.11,0.04,0.12
9.093,-0.04,-0.07,0.05,0.09
9.103,-0.05,-0.01,0.06,0.09
9.113,0.01,0.01,0.05,0.05
9.123,0.05,-0.01,0.06,0.08
9.133,0.04,-0.03,0.06,0.08
9.143,0.02,-0.05,0.08,0.09
9.153,0.01,-0.07,0.06,0.09
9.163,0.01,-0.07,0.05,0.09
9.173,-0.02,-0.08,0.06,0.10
9.183,-0.04,-0.08,0.05,0.10
9.193,-0.03,-0.04,0.04,0.07
9.203,0.00,-0.02,0.05,0.05
9.212,0.05,-0.01,0.07,0.08
9.222,0.05,0.01,0.07,0.09
9.232,0.03,0.03,0.07,0.09
9.242,0.05,0.04,0.10,0.12
9.252,0.06,0.02,0.07,0.09
9.262,0.07,-0.01,0.05,0.08
9.272,0.06,-0.03,0.05,0.09
9.282,0.06,-0.03,0.07,0.10
9.292,0.02,-0.05,0.07,0.09
9.302,0.00,-0.04,0.07,0.08
9.312,-0.00,-0.02,0.07,0.07
9.322,-0.01,-0.02,0.05,0.05
9.332,0.00,-0.03,0.06,0.07
9.342,0.03,-0.06,0.07,0.09
9.352,0.05,-0.05,0.05,0.09
9.362,0.03,-0.04,0.07,0.09
9.372,-0.01,-0.03,0.07,0.08
9.382,-0.03,-0.03,0.08,0.09
9.391,-0.04,-0.04,0.05,0.08
9.401,-0.01,-0.06,0.03,0.06
9.412,-0.00,-0.06,0.04,0.07
9.421,0.03,-0.04,0.09,0.10
9.431,0.03,-0.01,0.08,0.09
9.441,0.02,0.01,0.07,0.08
9.451,0.03,0.03,0.06,0.07
9.461,0.03,0.04,0.06,0.08
9.471,0.06,0.04,0.04,0.08
9.481,0.08,0.02,0.05,0.10
9.491,0.09,0.01,0.08,0.12
9.501,0.08,-0.01,0.13,0.15
9.511,0.04,-0.02,0.10,0.11
9.521,-0.02,-0.01,0.06,0.07
9.531,-0.03,-0.01,0.04,0.05
9.541,0.00,-0.04,0.01,0.04
9.551,0.03,-0.07,0.04,0.09
9.561,0.03,-0.06,0.07,0.09
9.571,0.00,-0.05,0.08,0.10
9.581,-0.04,-0.05,0.08,0.10
9.591,-0.04,-0.05,0.07,0.09
9.601,-0.02,-0.05,0.08,0.10
9.610,0.02,-0.04,0.05,0.06
9.620,0.08,-0.02,0.03,0.08
9.630,0.08,-0.01,0.07,0.11
9.640,0.08,0.02,0.08,0.11
9.650,0.04,0.03,0.07,0.09
9.660,0.01,0.02,0.09,0.09
9.670,-0.01,0.00,0.09,0.09
9.680,0.00,0.02,0.08,0.08
9.690,0.05,0.03,0.07,0.09
9.700,0.09,0.02,0.05,0.10
9.710,0.08,0.01,0.07,0.10
9.720,0.06,-0.03,0.08,0.10
9.730,0.02,-0.04,0.10,0.11
9.740,-0.01,-0.05,0.07,0.09
9.750,-0.02,-0.05,0.05,0.07
9.760,-0.02,-0.03,0.06,0.07
9.770,0.02,-0.05,0.04,0.07
9.780,0.02,-0.06,0.05,0.08
9.790,0.01,-0.06,0.07,0.09
9.799,0.01,-0.04,0.08,0.09
9.809,-0.01,-0.01,0.09,0.09
9.819,-0.02,0.01,0.06,0.07
9.829,0.00,0.00,0.06,0.06
9.839,0.02,-0.01,0.05,0.05
9.849,0.06,-0.03,0.07,0.09
9.859,0.08,-0.03,0.05,0.10
9.869,0.08,-0.01,0.07,0.11
9.879,0.05,0.00,0.10,0.11
9.889,0.03,0.03,0.09,0.10
9.899,0.04,0.04,0.04,0.07
9.909,0.06,0.02,0.06,0.09
9.919,0.07,-0.02,0.07,0.10
9.929,0.04,-0.03,0.07,0.09
9.939,-0.02,-0.02,0.10,0.10
9.949,-0.04,-0.02,0.07,0.08
9.959,-0.03,-0.02,0.06,0.07
9.968,-0.01,-0.04,0.06,0.08
9.979,0.01,-0.09,0.04,0.10
9.988,0.02,-0.10,0.05,0.11
9.998,0.01,-0.09,0.08,0.11
10.008,-0.01,-0.03,0.08,0.09
10.018,0.01,0.03,0.07,0.08
10.028,0.05,0.04,0.04,0.08
10.038,0.06,0.01,0.07,0.09
10.048,0.05,-0.02,0.07,0.09
10.058,0.05,-0.03,0.07,0.09
10.068,0.06,-0.01,0.09,0.11
10.078,0.07,0.02,0.08,0.11
10.088,0.05,0.04,0.07,0.09
10.098,-0.01,0.02,0.08,0.08
10.108,-0.02,-0.01,0.03,0.04
10.118,-0.00,-0.05,0.05,0.07
10.128,0.04,-0.05,0.05,0.08
10.138,0.07,-0.03,0.10,0.13
10.148,0.05,0.01,0.08,0.10
10.158,0.02,-0.00,0.07,0.08
10.167,0.01,-0.02,0.07,0.08
10.178,-0.00,-0.05,0.07,0.08
10.187,-0.03,-0.03,0.06,0.08
10.197,-0.04,-0.02,0.06,0.08
10.207,-0.02,-0.02,0.06,0.07
10.217,0.02,-0.02,0.05,0.06
10.227,0.05,-0.04,0.06,0.09
10.237,0.08,-0.05,0.05,0.11
10.247,0.06,-0.04,0.08,0.11
10.257,0.02,-0.02,0.08,0.08
10.267,-0.01,0.02,0.07,0.08
10.277,-0.01,0.05,0.06,0.08
10.287,0.01,0.05,0.08,0.09
10.297,0.05,0.01,0.07,0.09
10.307,0.06,-0.04,0.06,0.10
10.317,0.05,-0.07,0.07,0.11
10.327,0.02,-0.06,0.06,0.09
10.337,0.01,-0.05,0.08,0.09
10.347,0.02,-0.03,0.05,0.06
10.357,0.01,-0.02,0.08,0.08
10.366,0.00,-0.04,0.06,0.08
10.376,-0.04,-0.04,0.08,0.10
10.387,-0.08,-0.03,0.08,0.12
10.396,-0.05,-0.00,0.08,0.10
10.406,0.01,0.01,0.06,0.06
10.416,0.07,0.01,0.07,0.10
10.426,0.10,0.01,0.06,0.12
10.436,0.09,0.01,0.09,0.13
10.446,0.07,-0.01,0.05,0.09
10.456,0.04,-0.03,0.07,0.08
10.466,0.03,-0.04,0.08,0.09
10.476,0.02,-0.04,0.05,0.07
10.486,-0.02,-0.03,0.09,0.10
10.496,-0.05,-0.00,0.07,0.09
10.506,-0.04,0.01,0.07,0.08
10.516,-0.02,0.01,0.08,0.08
10.526,0.03,0.02,0.08,0.09
10.536,0.05,0.01,0.10,0.11
10.546,0.05,-0.01,0.07,0.09
10.556,0.07,-0.03,0.05,0.09
10.565,0.12,-0.08,0.05,0.15
10.575,0.16,-0.10,0.05,0.19
10.585,0.06,-0.06,0.10,0.13
10.595,-0.12,0.02,0.13,0.18
10.605,-0.19,0.06,0.07,0.22
10.615,-0.09,0.05,0.03,0.11
10.625,0.07,-0.03,0.01,0.08
10.635,0.12,-0.06,0.07,0.15
10.645,0.08,-0.08,0.10,0.15
10.655,0.06,-0.07,0.10,0.13
10.665,0.10,-0.05,0.07,0.13
10.675,0.12,-0.01,0.06,0.13
10.685,0.01,0.02,0.04,0.05
10.695,-0.08,0.02,0.08,0.11
10.705,-0.11,0.04,0.09,0.15
10.715,-0.01,0.01,0.04,0.04
10.725,0.11,-0.02,0.03,0.12
10.735,0.15,-0.05,0.06,0.17
10.745,0.10,-0.05,0.07,0.13
10.755,0.02,-0.04,0.07,0.09
10.765,-0.05,-0.04,0.07,0.09
10.774,-0.05,-0.02,0.03,0.06
10.784,-0.03,0.01,0.04,0.05
10.794,0.04,0.00,0.04,0.05
10.804,0.07,-0.00,0.09,0.12
10.814,0.07,-0.01,0.07,0.10
10.824,0.02,-0.02,0.07,0.08
10.834,0.00,-0.01,0.07,0.07
10.844,-0.01,-0.01,0.07,0.07
10.854,-0.02,-0.00,0.08,0.08
10.864,-0.04,0.03,0.07,0.09
10.874,0.02,0.02,0.03,0.04
10.884,0.11,0.00,0.05,0.12
10.894,0.18,0.03,0.10,0.20
10.904,0.16,0.07,0.11,0.21
10.914,0.05,0.02,0.09,0.10
10.924,-0.01,-0.08,0.08,0.12
10.934,-0.06,-0.15,0.07,0.17
10.944,-0.05,-0.15,0.01,0.16
10.953,-0.08,-0.10,0.04,0.14
10.963,-0.13,-0.04,0.07,0.16
10.973,-0.12,-0.03,0.07,0.14
10.983,-0.07,-0.03,0.07,0.10
10.993,-0.00,-0.05,0.04,0.07
11.003,0.08,-0.04,0.07,0.12
11.013,0.15,-0.01,0.07,0.16
11.023,0.17,0.04,0.08,0.19
11.033,0.16,0.08,0.10,0.20
11.043,0.08,0.13,0.11,0.19
11.053,0.03,0.11,0.07,0.14
11.063,0.05,0.09,0.07,0.13
11.073,0.05,0.05,0.08,0.11
11.083,0.05,0.01,0.06,0.08
11.093,0.05,-0.06,0.03,0.08
11.103,0.05,-0.15,0.03,0.16
11.113,0.00,-0.21,0.05,0.21
11.123,-0.05,-0.20,0.05,0.22
11.133,-0.09,-0.16,0.04,0.19
11.142,-0.13,-0.09,0.03,0.16
11.153,-0.13,-0.08,0.03,0.15
11.162,-0.07,-0.09,0.06,0.13
11.172,-0.03,-0.08,0.08,0.12
11.182,-0.00,-0.08,0.08,0.11
11.192,0.03,-0.05,0.07,0.09
11.202,0.04,-0.02,0.06,0.07
11.212,0.07,0.02,0.06,0.10
11.222,0.06,0.06,0.11,0.14
11.232,0.01,0.14,0.10,0.18
11.242,0.04,0.19,0.07,0.21
11.252,0.13,0.19,0.08,0.25
11.262,0.19,0.16,0.11,0.27
11.272,0.19,0.08,0.11,0.23
11.282,0.15,0.03,0.12,0.19
11.292,0.09,0.02,0.06,0.11
11.302,0.04,-0.02,0.04,0.06
11.312,-0.02,-0.05,0.06,0.08
11.322,-0.08,-0.09,0.06,0.13
11.331,-0.13,-0.13,0.06,0.19
11.341,-0.12,-0.16,0.04,0.20
11.351,-0.10,-0.18,0.02,0.20
11.361,-0.06,-0.13,0.04,0.15
11.371,-0.05,-0.09,0.07,0.12
11.381,-0.03,-0.06,0.07,0.09
11.391,0.02,-0.03,0.08,0.09
11.401,0.09,-0.01,0.07,0.12
11.411,0.09,0.02,0.08,0.12
11.421,0.06,0.05,0.10,0.13
11.431,0.04,0.06,0.08,0.11
11.441,0.02,0.07,0.08,0.11
11.451,0.05,0.05,0.07,0.10
11.461,0.12,0.04,0.07,0.14
11.471,0.12,0.01,0.07,0.14
11.481,0.10,-0.02,0.08,0.13
11.491,0.04,-0.03,0.07,0.09
11.501,-0.03,-0.04,0.06,0.08
11.511,-0.05,-0.05,0.05,0.08
11.521,-0.02,-0.07,0.04,0.08
11.531,0.03,-0.10,0.02,0.11
11.540,0.02,-0.12,0.08,0.14
11.550,-0.08,-0.08,0.12,0.16
11.560,-0.15,0.00,0.09,0.18
11.570,-0.11,0.01,0.05,0.12
11.580,0.02,-0.00,0.03,0.03
11.590,0.10,-0.03,0.03,0.11
11.600,0.12,-0.04,0.10,0.16
11.610,0.11,-0.02,0.10,0.15
11.620,0.09,0.01,0.06,0.11
11.630,0.08,0.05,0.08,0.12
11.640,0.02,0.07,0.06,0.10
11.650,0.01,0.07,0.08,0.11
11.660,0.06,0.06,0.07,0.11
11.670,0.07,0.01,0.06,0.10
11.680,0.08,-0.00,0.08,0.11
11.690,0.03,-0.01,0.07,0.08
11.700,0.00,-0.01,0.08,0.08
11.710,-0.00,-0.02,0.08,0.09
11.720,-0.01,-0.06,0.04,0.07
11.729,0.02,-0.07,0.02,0.08
11.740,0.04,-0.09,0.05,0.10
11.749,-0.02,-0.09,0.08,0.12
11.759,-0.09,-0.05,0.07,0.13
11.769,-0.11,-0.03,0.10,0.15
11.779,-0.09,-0.01,0.07,0.11
11.789,-0.01,-0.02,0.02,0.02
11.799,0.07,-0.04,0.03,0.09
11.809,0.10,-0.06,0.07,0.14
11.819,0.11,-0.04,0.08,0.14
11.829,0.05,0.01,0.12,0.13
11.839,0.05,0.04,0.07,0.09
11.849,0.02,0.05,0.04,0.07
11.859,0.02,0.03,0.04,0.06
11.869,0.03,0.01,0.10,0.11
11.879,0.05,-0.00,0.10,0.11
11.889,0.05,-0.02,0.05,0.07
11.898,0.05,-0.03,0.07,0.09
11.909,0.03,-0.04,0.07,0.09
11.919,-0.00,-0.05,0.07,0.09
11.928,-0.04,-0.05,0.08,0.11
11.938,-0.02,-0.04,0.08,0.09
11.948,0.03,-0.01,0.03,0.05
11.958,0.07,-0.01,0.04,0.08
11.968,0.04,-0.02,0.09,0.10
11.978,-0.01,-0.02,0.09,0.09
11.988,-0.03,-0.02,0.08,0.09
11.998,0.01,-0.04,0.05,0.07
12.008,0.05,-0.04,0.03,0.07
12.018,0.05,-0.01,0.06,0.08
12.028,0.02,0.02,0.09,0.09
12.038,0.02,0.04,0.09,0.10
12.048,0.04,0.04,0.09,0.10
12.058,0.04,0.00,0.07,0.08
12.068,0.05,-0.02,0.08,0.10
12.078,0.05,-0.03,0.06,0.08
12.088,0.04,-0.04,0.06,0.08
12.098,0.02,-0.01,0.09,0.09
12.107,0.00,0.03,0.09,0.09
12.117,-0.04,0.06,0.08,0.10
12.127,-0.02,0.06,0.09,0.11
12.137,0.04,0.02,0.07,0.08
12.147,0.08,-0.06,0.05,0.11
12.157,0.11,-0.09,0.06,0.16
12.167,0.07,-0.09,0.08,0.14
12.177,0.00,-0.05,0.07,0.09
12.187,-0.07,-0.01,0.06,0.09
12.197,-0.09,0.00,0.07,0.11
12.207,-0.09,-0.01,0.04,0.10
12.217,-0.04,-0.04,0.05,0.07
12.227,0.02,-0.06,0.07,0.10
12.237,0.03,-0.04,0.07,0.09
12.247,0.06,-0.03,0.09,0.11
12.257,0.06,-0.02,0.09,0.12
12.267,0.06,-0.01,0.05,0.08
12.277,0.05,-0.04,0.07,0.09
12.287,0.05,-0.03,0.06,0.09
12.297,0.01,-0.02,0.06,0.07
12.307,-0.03,-0.01,0.07,0.07
12.316,-0.03,0.00,0.08,0.09
12.326,-0.04,0.01,0.07,0.08
12.336,0.01,-0.01,0.06,0.06
12.346,0.03,-0.01,0.07,0.08
12.356,0.05,-0.03,0.09,0.10
12.366,0.07,-0.03,0.07,0.11
12.376,0.05,-0.02,0.06,0.08
12.386,0.01,-0.00,0.07,0.07
12.396,-0.01,0.01,0.07,0.08
12.406,-0.00,-0.00,0.07,0.07
12.416,-0.00,-0.02,0.05,0.05
12.426,0.03,-0.03,0.06,0.08
12.436,0.04,-0.02,0.09,0.10
12.446,0.02,-0.01,0.08,0.08
12.456,0.02,-0.01,0.07,0.07
12.466,0.04,-0.01,0.09,0.10
12.476,0.04,-0.00,0.07,0.08
12.486,0.05,0.01,0.08,0.10
12.496,0.06,0.01,0.07,0.09
12.506,0.05,0.00,0.08,0.09
12.515,0.04,-0.01,0.06,0.07
12.525,0.02,-0.02,0.09,0.09
12.535,-0.03,-0.03,0.08,0.09
12.545,-0.05,-0.03,0.07,0.09
12.555,-0.04,-0.03,0.05,0.07
12.565,0.00,-0.04,0.05,0.06
12.575,0.05,-0.04,0.07,0.10
12.585,0.06,-0.03,0.08,0.10
12.595,0.04,-0.02,0.07,0.08
12.605,0.04,0.00,0.07,0.08
12.615,0.03,0.01,0.08,0.08
12.625,0.02,0.01,0.05,0.06
12.635,-0.00,0.01,0.07,0.07
12.645,-0.00,-0.01,0.07,0.07
12.655,-0.01,-0.03,0.07,0.08
12.665,0.02,-0.04,0.06,0.08
12.675,0.01,-0.05,0.05,0.07
12.685,0.01,-0.05,0.05,0.07
12.694,0.01,-0.05,0.08,0.10
12.704,0.02,-0.04,0.06,0.07
12.714,0.02,-0.02,0.07,0.07
12.724,0.00,-0.01,0.07,0.07
12.734,-0.00,0.00,0.07,0.07
12.744,0.01,0.00,0.09,0.09
12.754,0.02,-0.01,0.05,0.06
12.764,0.05,-0.01,0.05,0.07
12.774,0.06,-0.03,0.08,0.10
12.784,0.03,-0.02,0.09,0.10
12.794,0.03,-0.02,0.06,0.07
12.804,0.05,-0.00,0.10,0.11
12.814,0.04,0.01,0.08,0.09
12.824,0.02,0.03,0.07,0.08
12.834,0.01,0.01,0.07,0.07
12.844,0.01,-0.01,0.05,0.06
12.854,0.02,-0.06,0.07,0.09
12.864,0.02,-0.06,0.05,0.08
12.874,0.01,-0.04,0.06,0.07
12.884,0.02,-0.02,0.05,0.06
12.894,0.02,-0.02,0.05,0.05
12.903,0.01,-0.02,0.05,0.05
12.914,0.02,-0.04,0.07,0.09
12.923,0.01,-0.04,0.06,0.07
12.933,0.01,-0.05,0.06,0.08
12.943,0.02,-0.03,0.07,0.08
12.953,0.01,-0.02,0.06,0.06
12.963,0.00,-0.01,0.09,0.09
12.973,-0.00,-0.01,0.07,0.07
12.983,0.02,0.01,0.06,0.06
12.993,0.04,0.02,0.08,0.09
13.003,0.05,0.03,0.09,0.10
13.013,0.06,0.01,0.07,0.10
13.023,0.05,-0.03,0.07,0.09
13.033,0.03,-0.05,0.08,0.10
13.043,0.01,-0.04,0.08,0.09
13.053,-0.00,-0.01,0.07,0.07
13.063,-0.00,-0.01,0.06,0.06
13.073,0.00,-0.01,0.06,0.06
13.082,-0.00,-0.03,0.07,0.07
13.093,-0.01,-0.02,0.06,0.07
13.102,-0.01,-0.05,0.05,0.08
13.112,0.02,-0.05,0.05,0.07
13.122,0.02,-0.03,0.07,0.08
13.132,0.02,-0.01,0.08,0.09
13.142,0.03,-0.01,0.07,0.07
13.152,0.04,-0.02,0.06,0.07
13.162,0.06,-0.04,0.07,0.10
13.172,0.05,-0.03,0.07,0.09
13.182,0.02,-0.01,0.07,0.07
13.192,-0.03,-0.00,0.08,0.08
13.202,-0.04,0.01,0.07,0.08
13.212,-0.02,0.00,0.08,0.08
13.222,0.03,0.02,0.06,0.07
13.232,0.08,0.01,0.08,0.11
13.242,0.09,-0.00,0.08,0.12
13.252,0.07,-0.01,0.08,0.11
13.262,0.02,-0.03,0.09,0.10
13.271,-0.02,-0.04,0.06,0.08
13.281,-0.05,-0.01,0.07,0.09
13.291,-0.04,-0.00,0.06,0.07
13.301,-0.01,0.00,0.07,0.07
13.311,0.02,-0.00,0.07,0.07
13.321,0.03,-0.01,0.08,0.09
13.331,0.04,-0.02,0.09,0.10
13.341,0.06,-0.03,0.06,0.09
13.351,0.06,-0.04,0.06,0.09
13.361,0.03,-0.03,0.08,0.09
13.371,-0.00,-0.03,0.06,0.07
13.381,-0.04,-0.01,0.06,0.08
13.391,-0.05,0.00,0.06,0.08
13.401,-0.02,0.01,0.08,0.08
13.411,0.02,0.02,0.08,0.08
13.421,0.06,0.01,0.06,0.08
13.431,0.09,-0.02,0.04,0.10
13.441,0.11,-0.03,0.07,0.13
13.450,0.10,-0.01,0.10,0.14
13.460,0.05,0.01,0.10,0.11
13.471,-0.03,0.02,0.06,0.07
13.480,-0.04,0.01,0.08,0.09
13.490,-0.02,-0.03,0.06,0.07
13.500,0.02,-0.05,0.04,0.07
13.510,0.01,-0.04,0.07,0.08
13.520,0.01,-0.01,0.07,0.07
13.530,0.05,0.01,0.06,0.08
13.540,0.06,-0.00,0.07,0.09
13.550,0.01,-0.02,0.07,0.07
13.560,0.00,-0.05,0.06,0.08
13.570,-0.02,-0.04,0.07,0.08
13.580,0.00,-0.02,0.05,0.06
13.590,0.01,-0.01,0.04,0.05
13.600,0.01,-0.03,0.09,0.10
13.610,-0.00,-0.05,0.10,0.12
13.620,-0.03,-0.04,0.06,0.07
13.630,-0.02,-0.01,0.06,0.06
13.640,0.04,0.01,0.05,0.06
13.650,0.10,0.01,0.06,0.12
13.660,0.11,-0.02,0.09,0.15
13.669,0.09,-0.03,0.07,0.12
13.680,0.02,-0.04,0.09,0.10
13.689,-0.07,-0.02,0.07,0.10
13.699,-0.09,-0.01,0.04,0.10
13.709,-0.01,-0.02,0.02,0.03
13.719,0.07,-0.02,0.05,0.08
13.729,0.04,-0.02,0.10,0.11
13.739,-0.01,0.00,0.11,0.11
13.749,-0.02,0.03,0.09,0.10
13.759,0.02,0.04,0.05,0.07
13.769,0.06,0.03,0.06,0.09
13.779,0.06,-0.00,0.07,0.09
13.789,0.04,-0.04,0.05,0.08
13.799,0.03,-0.07,0.05,0.09
13.809,0.05,-0.05,0.09,0.12
13.819,0.04,-0.03,0.04,0.06
13.829,-0.02,0.02,0.08,0.09
13.839,-0.12,0.04,0.08,0.15
13.849,-0.11,0.00,0.01,0.11
13.859,0.08,-0.06,0.00,0.10
13.868,0.17,-0.11,0.07,0.21
13.878,0.08,-0.06,0.13,0.16
13.888,-0.04,-0.00,0.11,0.12
13.898,-0.08,0.03,0.07,0.11
13.908,-0.03,0.01,0.03,0.05
13.918,0.05,-0.01,0.03,0.06
13.928,0.08,-0.02,0.05,0.10
13.938,0.07,-0.04,0.10,0.13
13.948,0.02,-0.02,0.09,0.10
13.958,-0.04,-0.02,0.09,0.10
13.968,-0.05,0.01,0.07,0.09
13.978,-0.02,0.03,0.05,0.06
13.988,0.05,0.03,0.06,0.08
13.998,0.10,-0.02,0.07,0.12
14.008,0.07,-0.05,0.06,0.10
14.018,0.04,-0.04,0.06,0.09
14.028,-0.00,-0.01,0.09,0.09
14.038,-0.05,0.01,0.11,0.12
14.047,-0.09,0.04,0.08,0.12
14.058,-0.06,0.01,0.05,0.08
14.067,0.06,-0.07,0.01,0.09
14.077,0.13,-0.10,0.04,0.17
14.087,0.11,-0.07,0.11,0.17
14.097,-0.01,-0.01,0.12,0.12
14.107,-0.08,0.06,0.07,0.12
14.117,-0.04,0.04,0.05,0.08
14.127,0.04,-0.02,0.07,0.08
14.137,0.06,-0.05,0.06,0.10
14.147,0.03,-0.06,0.06,0.09
14.157,-0.01,-0.05,0.09,0.10
14.167,0.00,-0.02,0.06,0.06
14.177,0.04,0.01,0.06,0.07
14.187,0.04,0.02,0.09,0.10
14.197,-0.01,0.00,0.07,0.07
14.207,-0.00,-0.01,0.07,0.07
14.217,0.03,-0.01,0.03,0.05
14.227,0.06,-0.01,0.08,0.10
14.237,0.06,0.00,0.06,0.09
14.247,0.01,0.01,0.09,0.09
14.257,-0.05,0.00,0.10,0.12
14.266,-0.03,-0.02,0.06,0.07
14.276,0.05,-0.04,0.04,0.08
14.286,0.10,-0.04,0.06,0.12
14.296,0.06,0.00,0.09,0.11
14.306,0.02,0.02,0.09,0.09
14.316,-0.03,0.00,0.07,0.07
14.326,-0.02,-0.01,0.07,0.07
14.336,-0.01,-0.02,0.08,0.08
14.346,0.01,-0.01,0.10,0.10
14.356,0.04,-0.00,0.07,0.08
14.366,0.03,0.01,0.06,0.07
14.376,0.02,-0.00,0.06,0.06
14.386,0.04,-0.02,0.05,0.07
14.396,0.03,-0.05,0.05,0.08
14.406,0.00,-0.05,0.08,0.09
14.416,-0.04,-0.04,0.08,0.10
14.426,-0.03,-0.02,0.05,0.06
14.435,-0.00,-0.03,0.02,0.04
14.445,0.03,-0.02,0.06,0.07
14.455,0.03,-0.01,0.09,0.10
14.465,-0.01,-0.01,0.09,0.09
14.475,-0.03,-0.03,0.05,0.07
14.485,-0.03,-0.05,0.04,0.07
14.495,0.03,-0.07,0.05,0.09
14.505,0.05,-0.08,0.04,0.10
14.515,0.02,-0.02,0.08,0.08
14.525,-0.03,-0.01,0.09,0.09
14.535,-0.03,-0.01,0.07,0.08
14.545,0.01,-0.03,0.05,0.06
14.555,0.05,-0.01,0.07,0.09
14.565,0.03,-0.01,0.10,0.10
14.575,0.01,0.00,0.06,0.06
14.585,0.02,0.01,0.08,0.08
14.595,0.05,-0.00,0.06,0.08
14.605,0.09,-0.01,0.06,0.11
14.615,0.08,0.02,0.12,0.15
14.625,-0.03,0.03,0.12,0.12
14.634,-0.09,0.06,0.07,0.13
14.644,-0.05,0.03,0.07,0.09
14.654,0.06,-0.03,0.02,0.07
14.664,0.11,-0.07,0.06,0.14
14.674,0.08,-0.07,0.09,0.14
14.684,0.02,-0.03,0.10,0.11
14.694,-0.01,-0.01,0.07,0.07
14.704,0.01,0.00,0.06,0.06
14.714,0.01,0.01,0.06,0.06
14.724,-0.02,-0.00,0.08,0.08
14.734,-0.04,-0.01,0.07,0.09
14.744,0.00,-0.02,0.06,0.07
14.754,0.05,-0.03,0.06,0.09
14.764,0.08,-0.02,0.08,0.11
14.774,0.03,0.00,0.09,0.10
14.784,-0.03,0.02,0.07,0.07
14.794,-0.02,-0.00,0.05,0.05
14.804,0.05,-0.02,0.04,0.07
14.814,0.08,-0.05,0.06,0.11
14.823,0.06,-0.03,0.07,0.10
14.834,-0.02,-0.02,0.09,0.10
14.843,-0.07,-0.02,0.09,0.11
14.853,-0.06,-0.00,0.05,0.07
14.863,0.01,-0.02,0.02,0.03
14.873,0.08,-0.02,0.05,0.09
14.883,0.08,-0.01,0.08,0.11
14.893,0.04,-0.00,0.08,0.09
14.903,0.02,-0.00,0.08,0.08
14.913,0.00,-0.02,0.08,0.08
14.923,0.02,-0.04,0.06,0.08
14.933,0.04,-0.03,0.06,0.08
14.943,0.01,-0.02,0.07,0.07
14.953,-0.02,-0.01,0.06,0.06
14.963,-0.02,-0.02,0.06,0.07
14.973,0.00,-0.00,0.08,0.08
14.983,0.05,-0.00,0.08,0.10
14.993,0.06,0.01,0.06,0.08
15.003,0.03,0.00,0.09,0.09
15.013,0.03,0.00,0.07,0.07
15.022,0.01,-0.01,0.07,0.07
15.032,0.02,-0.02,0.06,0.07
15.042,0.01,-0.02,0.08,0.08
15.052,-0.02,-0.03,0.08,0.08
15.062,-0.03,-0.03,0.07,0.09
15.072,-0.02,-0.02,0.06,0.07
15.082,0.01,-0.01,0.02,0.03
15.092,0.05,-0.01,0.06,0.08
15.102,0.06,-0.02,0.08,0.10
15.112,0.04,-0.01,0.08,0.09
15.122,0.02,-0.02,0.07,0.08
15.132,0.01,-0.02,0.08,0.08
15.142,0.01,-0.01,0.08,0.08
15.152,-0.01,0.02,0.07,0.07
15.162,-0.00,0.03,0.07,0.07
15.172,0.04,0.01,0.05,0.07
15.182,0.07,-0.03,0.06,0.10
15.192,0.06,-0.06,0.07,0.11
15.201,0.02,-0.05,0.09,0.10
15.212,-0.05,-0.01,0.10,0.11
15.221,-0.07,0.00,0.05,0.08
15.231,-0.02,-0.01,0.05,0.06
15.241,0.03,-0.04,0.06,0.08
15.251,0.07,-0.04,0.07,0.11
15.261,0.05,-0.02,0.09,0.11
15.271,0.01,0.01,0.07,0.08
15.281,0.01,0.04,0.07,0.08
15.291,0.01,0.02,0.07,0.07
15.301,0.02,-0.02,0.08,0.08
15.311,0.01,-0.04,0.08,0.09
15.321,0.03,-0.03,0.06,0.08
15.331,0.03,-0.02,0.06,0.07
15.341,0.05,-0.01,0.08,0.09
15.351,0.01,-0.02,0.08,0.08
15.361,-0.03,-0.03,0.06,0.07
15.371,-0.04,-0.04,0.06,0.09
15.381,-0.01,-0.03,0.05,0.06
15.391,0.04,-0.02,0.07,0.08
15.401,0.07,0.01,0.07,0.10
15.410,0.07,0.01,0.09,0.12
15.420,0.04,0.01,0.09,0.10
15.430,0.00,-0.02,0.06,0.07
15.440,-0.01,-0.05,0.07,0.09
15.450,-0.01,-0.07,0.06,0.09
15.460,0.00,-0.05,0.06,0.08
15.470,0.00,-0.03,0.08,0.08
15.480,0.03,-0.00,0.07,0.08
15.490,0.09,-0.01,0.03,0.10
15.500,0.13,-0.04,0.11,0.17
15.510,-0.02,-0.01,0.12,0.12
15.520,-0.18,0.03,0.09,0.20
15.530,-0.16,0.05,0.07,0.18
15.540,0.02,0.00,-0.00,0.02
15.550,0.16,-0.07,0.03,0.18
15.560,0.15,-0.09,0.07,0.19
15.570,0.06,-0.07,0.11,0.15
15.579,-0.02,-0.02,0.08,0.09
15.590,-0.03,0.01,0.05,0.06
15.599,-0.03,0.01,0.05,0.06
15.610,-0.06,0.01,0.08,0.10
15.619,-0.06,-0.01,0.09,0.11
15.629,-0.02,-0.02,0.07,0.07
15.639,0.05,-0.02,0.05,0.08
15.649,0.11,-0.02,0.07,0.13
15.659,0.08,-0.01,0.09,0.12
15.669,0.02,-0.01,0.09,0.10
15.679,-0.02,-0.01,0.07,0.07
15.689,-0.00,-0.05,0.03,0.06
15.699,0.03,-0.06,0.04,0.07
15.709,0.03,-0.03,0.08,0.09
15.719,-0.02,0.03,0.09,0.10
15.729,-0.05,0.05,0.10,0.12
15.739,-0.05,0.03,0.09,0.10
15.749,-0.00,-0.02,0.04,0.05
15.759,0.07,-0.04,0.04,0.09
15.768,0.08,-0.04,0.07,0.12
15.779,0.06,-0.02,0.08,0.10
15.788,0.02,-0.03,0.08,0.08
15.799,0.00,-0.01,0.06,0.06
15.808,-0.00,-0.00,0.06,0.06
15.818,-0.00,-0.00,0.09,0.09
15.828,-0.01,-0.00,0.07,0.07
15.838,0.01,0.00,0.07,0.07
15.848,0.01,-0.02,0.08,0.09
15.858,0.04,-0.03,0.06,0.07
15.868,0.05,-0.02,0.07,0.09
15.878,0.01,-0.01,0.09,0.09
15.888,-0.04,-0.02,0.08,0.09
15.898,-0.03,-0.03,0.07,0.08
15.908,-0.01,-0.02,0.06,0.07
15.918,0.04,-0.03,0.05,0.08
15.928,0.05,-0.04,0.08,0.11
15.938,0.03,-0.02,0.09,0.10
15.948,0.01,-0.02,0.07,0.07
15.958,0.01,-0.00,0.06,0.06
15.968,0.02,0.01,0.06,0.06
15.978,0.01,-0.01,0.05,0.05
15.988,0.01,-0.01,0.08,0.08
15.997,0.00,-0.01,0.07,0.08
16.007,-0.01,-0.01,0.06,0.06
16.017,0.01,-0.02,0.07,0.07
16.027,0.02,-0.03,0.04,0.06
16.037,0.04,-0.03,0.06,0.08
16.047,0.03,-0.02,0.09,0.09
16.057,-0.00,0.02,0.07,0.08
16.067,-0.01,0.01,0.07,0.07
16.077,0.02,0.00,0.06,0.06
16.087,0.02,-0.02,0.06,0.07
16.097,0.01,-0.02,0.06,0.07
16.107,-0.01,-0.01,0.09,0.09
16.117,0.02,-0.01,0.05,0.06
16.127,0.06,-0.02,0.07,0.09
16.137,0.05,-0.03,0.08,0.10
16.147,0.01,-0.03,0.08,0.09
16.157,-0.03,0.01,0.08,0.09
16.167,-0.04,0.00,0.07,0.09
16.177,-0.00,0.00,0.06,0.06
16.187,0.03,-0.01,0.06,0.07
16.196,0.05,-0.03,0.06,0.09
16.207,0.00,-0.04,0.06,0.07
16.216,-0.01,-0.05,0.08,0.10
16.227,0.02,-0.03,0.06,0.07
16.236,0.05,0.00,0.06,0.08
16.246,0.04,0.03,0.07,0.09
16.256,0.03,0.00,0.07,0.08
16.266,-0.01,-0.02,0.07,0.07
16.276,-0.00,-0.02,0.08,0.09
16.286,0.01,-0.04,0.07,0.08
16.296,-0.00,-0.04,0.07,0.08
16.306,0.01,-0.03,0.07,0.07
16.316,-0.01,-0.02,0.06,0.07
16.326,-0.02,-0.03,0.07,0.08
16.336,-0.01,-0.03,0.06,0.06
16.346,0.03,-0.02,0.07,0.08
16.356,0.04,-0.01,0.05,0.07
16.366,0.01,-0.02,0.08,0.08
16.375,-0.01,-0.03,0.07,0.07
16.385,-0.00,-0.03,0.08,0.08
16.395,0.02,-0.01,0.06,0.06
16.405,0.06,-0.00,0.09,0.10
16.415,0.07,0.01,0.08,0.11
16.425,0.07,0.02,0.07,0.11
16.435,0.05,0.02,0.08,0.10
16.445,0.02,0.02,0.06,0.07
16.455,0.01,0.01,0.07,0.07
16.465,-0.03,-0.01,0.07,0.08
16.475,-0.04,-0.02,0.08,0.09
16.485,-0.02,-0.05,0.06,0.08
16.495,0.00,-0.04,0.06,0.07
16.505,0.03,-0.03,0.09,0.10
16.515,0.03,-0.03,0.07,0.08
16.525,0.01,-0.03,0.07,0.07
16.535,-0.02,-0.05,0.07,0.08
16.545,-0.04,-0.03,0.07,0.09
16.555,-0.02,-0.02,0.05,0.06
16.564,-0.01,0.00,0.06,0.06
16.574,0.01,0.02,0.07,0.07
16.584,0.05,0.00,0.08,0.10
16.594,0.06,0.01,0.07,0.10
16.604,0.04,-0.00,0.07,0.08
16.614,0.04,-0.02,0.08,0.09
16.624,0.01,-0.03,0.06,0.07
16.634,-0.00,-0.02,0.05,0.06
16.644,-0.01,0.01,0.06,0.06
16.654,0.00,0.03,0.08,0.08
16.664,0.04,0.03,0.06,0.08
16.674,0.06,0.02,0.07,0.10
16.684,0.07,-0.02,0.08,0.11
16.694,0.03,-0.06,0.07,0.10
16.704,-0.03,-0.07,0.07,0.11
16.714,-0.05,-0.06,0.06,0.10
16.724,-0.02,-0.04,0.07,0.09
16.734,-0.01,0.00,0.05,0.05
16.743,0.01,-0.00,0.08,0.08
16.753,0.01,-0.01,0.08,0.09
16.764,0.01,-0.01,0.07,0.07
16.774,0.02,-0.01,0.07,0.07
16.783,0.05,-0.01,0.07,0.08
16.793,0.06,-0.02,0.06,0.09
16.803,0.07,-0.01,0.07,0.09
16.813,0.04,-0.01,0.08,0.09
16.823,0.03,-0.01,0.08,0.09
16.833,0.03,0.00,0.08,0.08
16.843,0.00,0.02,0.08,0.09
16.853,-0.01,0.01,0.07,0.07
16.863,-0.00,-0.03,0.05,0.06
16.873,0.02,-0.06,0.07,0.09
16.883,0.01,-0.07,0.06,0.09
16.893,0.00,-0.06,0.07,0.09
16.903,-0.00,-0.04,0.07,0.08
16.913,0.00,-0.02,0.08,0.08
16.923,-0.01,-0.01,0.07,0.08
16.933,0.02,0.01,0.07,0.07
16.943,0.05,0.01,0.09,0.10
16.952,0.08,0.02,0.08,0.12
16.963,0.04,0.01,0.06,0.07
16.972,0.02,0.00,0.07,0.07
16.982,0.00,-0.00,0.10,0.10
16.992,-0.01,-0.01,0.07,0.07
17.002,-0.01,-0.02,0.04,0.05
17.012,0.01,-0.02,0.06,0.07
17.022,0.03,-0.03,0.07,0.08
17.032,0.02,-0.02,0.08,0.08
17.042,-0.04,0.01,0.13,0.13
17.052,-0.11,0.05,0.09,0.15
17.062,-0.02,0.03,0.03,0.05
17.072,0.19,-0.05,0.03,0.20
17.082,0.20,-0.11,0.09,0.25
17.092,0.03,-0.06,0.10,0.12
17.102,-0.15,0.02,0.13,0.20
17.112,-0.13,0.08,0.07,0.17
17.122,0.02,0.05,-0.00,0.05
17.132,0.10,-0.01,0.04,0.10
17.142,0.02,-0.05,0.11,0.12
17.151,-0.08,-0.04,0.11,0.14
17.162,-0.08,-0.04,0.08,0.12
17.172,-0.04,-0.02,0.05,0.07
17.181,0.02,-0.02,0.02,0.03
17.191,0.01,-0.01,0.10,0.10
17.201,0.00,-0.02,0.11,0.11
17.211,-0.00,-0.03,0.07,0.08
17.221,0.05,-0.02,0.03,0.06
17.231,0.11,-0.01,0.02,0.12
17.241,0.13,-0.02,0.07,0.15
17.251,0.04,-0.04,0.11,0.12
17.261,-0.11,-0.04,0.11,0.15
17.271,-0.13,-0.02,0.00,0.13
17.281,-0.02,0.01,0.12,0.12
17.291,0.09,0.02,0.01,0.10
17.301,0.06,0.02,0.04,0.08
17.311,0.04,-0.02,0.11,0.12
17.321,0.00,-0.03,0.12,0.13
17.331,0.02,-0.03,0.07,0.08
17.340,0.08,-0.01,0.07,0.11
17.351,0.05,-0.02,0.06,0.08
17.361,-0.03,-0.01,0.07,0.08
17.371,-0.08,-0.01,0.11,0.14
17.380,-0.05,-0.02,0.08,0.10
17.390,0.03,-0.03,0.06,0.07
17.400,0.07,0.02,0.07,0.10
17.410,0.01,0.04,0.09,0.09
17.420,-0.04,0.00,0.05,0.07
17.430,-0.02,-0.08,0.03,0.09
17.440,0.02,-0.14,0.04,0.15
17.450,0.03,-0.14,0.06,0.16
17.460,-0.01,-0.08,0.07,0.11
17.470,-0.08,-0.04,0.09,0.13
17.480,-0.10,0.03,0.09,0.14
17.490,-0.07,0.03,0.06,0.10
17.500,0.01,0.04,0.05,0.06
17.510,0.10,0.03,0.07,0.13
17.520,0.18,0.02,0.08,0.20
17.530,0.19,0.00,0.08,0.21
17.540,0.09,0.00,0.11,0.14
17.549,-0.05,0.03,0.11,0.13
17.559,-0.13,0.03,0.06,0.14
17.569,-0.07,0.03,0.04,0.09
17.579,0.05,0.02,0.05,0.07
17.589,0.12,0.02,0.08,0.14
17.599,0.12,0.05,0.10,0.16
17.609,0.12,0.05,0.10,0.16
17.619,0.11,0.04,0.08,0.14
17.629,0.04,0.05,0.08,0.11
17.639,-0.01,0.01,0.09,0.09
17.649,-0.06,-0.04,0.07,0.10
17.659,-0.07,-0.05,0.06,0.11
17.669,-0.04,-0.06,0.04,0.08
17.679,0.01,-0.08,0.06,0.10
17.689,0.01,-0.08,0.07,0.11
17.699,-0.04,-0.05,0.07,0.10
17.709,-0.03,-0.05,0.08,0.10
17.719,0.04,-0.06,0.04,0.08
17.729,0.05,-0.07,0.03,0.09
17.739,-0.02,-0.04,0.07,0.08
17.748,-0.06,-0.01,0.09,0.11
17.758,-0.06,-0.02,0.06,0.08
17.768,-0.01,-0.04,0.06,0.07
17.778,0.03,-0.06,0.03,0.08
17.788,0.08,-0.06,0.06,0.11
17.798,0.08,-0.02,0.09,0.12
17.808,0.06,0.01,0.09,0.11
17.818,0.04,0.03,0.07,0.08
17.828,0.01,0.03,0.08,0.09
17.838,-0.01,0.02,0.07,0.08
17.848,-0.04,-0.03,0.08,0.09
17.858,-0.04,-0.04,0.07,0.08
17.868,-0.04,-0.07,0.04,0.09
17.878,-0.03,-0.08,0.05,0.10
17.888,0.01,-0.07,0.08,0.11
17.898,0.02,-0.05,0.09,0.10
17.908,0.02,-0.05,0.07,0.08
17.918,0.01,-0.02,0.08,0.08
17.928,-0.02,0.05,0.09,0.10
17.938,-0.02,0.06,0.08,0.10
17.947,0.02,0.05,0.06,0.08
17.957,0.06,-0.00,0.05,0.08
17.967,0.03,-0.05,0.07,0.09
17.977,0.00,-0.05,0.10,0.11
17.987,0.02,-0.00,0.06,0.07
17.997,0.06,0.05,0.07,0.11
18.007,0.06,0.07,0.08,0.12
18.017,0.03,0.08,0.09,0.12
18.027,0.03,0.06,0.09,0.11
18.037,0.06,0.01,0.07,0.10
18.047,0.09,-0.01,0.07,0.11
18.057,0.08,-0.02,0.08,0.11
18.067,0.02,-0.04,0.08,0.09
18.077,-0.04,-0.03,0.09,0.11
18.087,-0.05,-0.04,0.06,0.09
18.097,-0.03,-0.07,0.04,0.09
18.107,0.02,-0.07,0.05,0.09
18.117,0.02,-0.06,0.08,0.10
18.127,-0.01,-0.01,0.09,0.09
18.136,-0.02,-0.00,0.07,0.07
18.146,-0.02,-0.02,0.06,0.07
18.156,-0.01,-0.05,0.07,0.08
18.166,0.01,-0.07,0.06,0.09
18.176,0.02,-0.06,0.06,0.09
18.186,0.02,-0.04,0.09,0.10
18.196,0.00,0.02,0.08,0.08
18.206,0.00,0.03,0.06,0.07
18.216,0.01,0.03,0.09,0.09
18.226,0.02,-0.01,0.08,0.08
18.236,0.05,-0.02,0.07,0.09
18.246,0.06,-0.02,0.07,0.10
18.256,0.06,-0.01,0.08,0.10
18.266,0.04,-0.03,0.07,0.09
18.276,-0.02,-0.04,0.07,0.08
18.286,-0.05,-0.01,0.08,0.10
18.296,-0.08,0.01,0.09,0.12
18.306,-0.04,0.03,0.06,0.08
18.316,-0.01,0.02,0.07,0.07
18.325,0.04,-0.02,0.06,0.08
18.335,0.06,-0.06,0.07,0.10
18.345,0.07,-0.05,0.07,0.11
18.355,0.05,-0.05,0.07,0.10
18.365,0.05,-0.03,0.07,0.09
18.375,0.02,0.01,0.08,0.08
18.385,-0.02,0.02,0.07,0.08
18.395,-0.04,0.02,0.07,0.08
18.405,-0.03,-0.01,0.06,0.07
18.415,0.02,-0.02,0.06,0.06
18.425,0.06,-0.01,0.07,0.09
18.435,0.08,-0.00,0.08,0.11
18.445,0.05,0.02,0.08,0.10
18.455,0.01,0.01,0.06,0.06
18.465,-0.02,-0.01,0.08,0.08
18.475,-0.03,-0.03,0.06,0.07
18.485,-0.00,-0.05,0.06,0.07
18.495,0.02,-0.06,0.05,0.08
18.505,0.04,-0.07,0.08,0.11
18.515,0.02,-0.05,0.06,0.08
18.524,0.01,-0.02,0.06,0.07
18.534,0.00,-0.01,0.09,0.09
18.544,-0.02,-0.00,0.08,0.08
18.554,-0.02,0.00,0.03,0.04
18.564,0.01,-0.00,0.08,0.08
18.574,0.02,-0.02,0.07,0.08
18.584,0.04,-0.05,0.06,0.09
18.594,0.06,-0.06,0.07,0.11
18.604,0.06,0.01,0.07,0.09
18.614,0.03,0.04,0.08,0.09
18.624,0.02,0.05,0.10,0.11
18.634,0.03,0.03,0.07,0.09
18.644,0.05,-0.01,0.07,0.09
18.654,0.02,-0.04,0.09,0.10
18.664,-0.02,-0.05,0.07,0.09
18.674,-0.06,-0.02,0.06,0.09
18.684,-0.07,0.00,0.06,0.10
18.693,-0.03,0.01,0.08,0.09
18.704,0.03,-0.01,0.07,0.08
18.714,0.09,-0.02,0.05,0.11
18.723,0.08,-0.06,0.06,0.12
18.733,0.04,-0.06,0.06,0.09
18.743,-0.02,-0.05,0.09,0.10
18.753,-0.05,-0.03,0.07,0.09
18.763,-0.07,-0.00,0.06,0.10
18.773,-0.06,0.02,0.06,0.09
18.783,-0.02,-0.02,0.05,0.06
18.793,0.05,-0.02,0.08,0.10
18.803,0.09,-0.01,0.08,0.12
18.813,0.07,0.01,0.06,0.10
18.823,0.06,0.00,0.08,0.10
18.833,0.04,-0.00,0.08,0.09
18.843,0.03,-0.01,0.07,0.08
18.853,0.02,-0.01,0.07,0.07
18.863,0.01,-0.02,0.06,0.07
18.873,-0.02,-0.02,0.08,0.09
18.883,-0.04,-0.01,0.07,0.09
18.893,-0.03,0.00,0.08,0.09
18.902,-0.00,0.01,0.08,0.09
18.912,0.04,0.00,0.07,0.08
18.922,0.08,-0.02,0.06,0.11
18.932,0.05,-0.04,0.07,0.09
18.942,0.01,-0.04,0.05,0.07
18.952,-0.03,-0.03,0.07,0.08
18.962,-0.01,-0.02,0.07,0.08
18.972,-0.03,0.02,0.10,0.11
18.982,-0.06,0.07,0.12,0.15
18.992,0.02,0.05,0.03,0.06
19.002,0.18,-0.03,0.02,0.18
19.012,0.19,-0.08,0.09,0.22
19.022,0.04,-0.05,0.12,0.13
19.032,-0.12,0.02,0.11,0.17
19.042,-0.10,0.07,0.07,0.14
19.052,0.01,0.06,0.02,0.06
19.062,0.06,-0.01,0.07,0.09
19.072,0.03,-0.05,0.10,0.11
19.082,0.01,-0.07,0.07,0.10
19.092,0.04,-0.08,0.05,0.10
19.101,0.06,-0.07,0.04,0.10
19.111,-0.01,-0.02,0.09,0.10
19.122,-0.11,0.01,0.11,0.16
19.131,-0.11,-0.00,0.06,0.12
19.141,0.01,-0.06,0.04,0.07
19.151,0.09,-0.07,0.05,0.12
19.161,0.09,-0.05,0.07,0.12
19.171,0.03,0.01,0.09,0.09
19.181,-0.02,0.04,0.09,0.10
19.191,0.01,0.02,0.07,0.07
19.201,0.04,-0.02,0.06,0.07
19.211,0.02,-0.03,0.07,0.08
19.221,0.01,-0.03,0.07,0.07
19.231,0.01,-0.03,0.06,0.07
19.241,0.01,-0.04,0.07,0.08
19.251,-0.00,-0.04,0.06,0.07
19.261,-0.00,-0.01,0.08,0.08
19.270,0.00,0.01,0.07,0.07
19.280,0.03,0.01,0.06,0.07
19.290,0.03,-0.00,0.06,0.07
19.300,0.02,-0.02,0.08,0.08
19.310,-0.03,-0.02,0.08,0.08
19.320,-0.04,-0.03,0.07,0.09
19.330,-0.04,-0.03,0.06,0.08
19.340,-0.04,-0.03,0.07,0.08
19.350,-0.04,-0.03,0.07,0.09
19.360,-0.04,-0.03,0.05,0.07
19.370,0.00,-0.02,0.06,0.07
19.380,0.09,-0.02,0.04,0.10
19.390,0.14,-0.02,0.06,0.15
19.400,0.09,-0.01,0.09,0.13
19.410,-0.05,0.02,0.10,0.11
19.420,-0.08,0.03,0.07,0.10
19.430,-0.02,0.05,0.06,0.08
19.440,0.07,0.03,0.07,0.11
19.450,0.09,0.00,0.05,0.10
19.460,0.04,-0.02,0.11,0.12
19.470,-0.03,-0.05,0.07,0.09
19.479,-0.00,-0.06,0.03,0.07
19.489,0.03,-0.08,0.05,0.10
19.499,-0.02,-0.05,0.06,0.08
19.509,-0.07,0.00,0.08,0.11
19.519,-0.06,0.00,0.06,0.09
19.530,0.01,-0.02,0.05,0.06
19.539,0.04,-0.03,0.07,0.09
19.549,0.03,-0.02,0.08,0.09
19.559,0.00,0.02,0.10,0.11
19.569,-0.00,0.02,0.07,0.07
19.579,0.03,0.03,0.06,0.08
19.589,0.06,0.01,0.06,0.08
19.599,0.05,-0.01,0.06,0.07
19.609,0.03,-0.02,0.06,0.07
19.619,0.04,-0.03,0.08,0.09
19.629,0.06,-0.03,0.06,0.09
19.639,0.02,-0.05,0.06,0.08
19.649,-0.01,-0.04,0.06,0.07
19.659,-0.05,-0.03,0.07,0.10
19.669,-0.07,-0.02,0.08,0.11
19.678,-0.04,-0.00,0.07,0.08
19.689,-0.00,0.00,0.06,0.06
19.698,0.01,-0.02,0.08,0.08
19.708,0.00,-0.05,0.08,0.10
19.718,0.00,-0.04,0.07,0.08
19.728,0.02,-0.04,0.07,0.08
19.738,0.03,-0.01,0.05,0.06
19.748,0.05,0.00,0.06,0.07
19.758,0.04,0.01,0.07,0.08
19.768,0.00,0.00,0.06,0.06
19.778,0.00,0.01,0.07,0.07
19.788,0.01,-0.01,-0.01,0.02
19.798,0.08,-0.01,0.08,0.11
19.808,0.02,0.00,0.07,0.08
19.818,-0.04,0.02,0.19,0.20
19.828,-0.03,0.04,0.09,0.10
19.838,0.04,0.01,0.01,0.04
19.848,0.10,-0.06,0.00,0.11
19.858,0.05,-0.09,0.07,0.13
19.867,-0.03,-0.11,0.10,0.15
19.877,-0.09,-0.07,0.10,0.16
19.887,-0.10,-0.01,0.05,0.11
19.897,-0.05,-0.02,0.04,0.07
19.907,0.02,-0.02,0.05,0.06
19.917,0.06,-0.04,0.07,0.10
19.927,0.05,-0.04,0.11,0.13
19.937,0.02,-0.01,0.09,0.09
19.947,0.01,0.02,0.04,0.05
19.957,0.04,0.04,0.07,0.09
19.967,0.05,0.05,0.10,0.13
19.977,0.04,0.07,0.10,0.13
19.987,0.03,0.05,0.08,0.10
19.997,0.04,0.03,0.03,0.06
20.007,0.04,-0.00,0.04,0.06
20.017,0.00,-0.01,0.10,0.10
20.027,-0.02,0.00,0.13,0.13
20.037,-0.04,-0.00,0.07,0.08
20.047,0.00,-0.04,0.05,0.06
20.057,0.04,-0.06,0.05,0.08
20.067,0.02,-0.08,0.05,0.10
20.076,-0.03,-0.07,0.08,0.11
20.086,-0.05,-0.03,0.06,0.09
20.096,-0.03,-0.02,0.05,0.06
20.106,-0.00,-0.01,0.07,0.07
20.116,0.02,-0.02,0.08,0.08
20.126,0.00,-0.04,0.06,0.07
20.136,-0.00,-0.06,0.08,0.10
20.146,0.01,-0.05,0.09,0.10
20.156,0.04,-0.02,0.06,0.07
20.166,0.08,-0.02,0.05,0.09
20.176,0.08,-0.01,0.07,0.11
20.186,0.01,0.01,0.11,0.11
20.196,-0.06,0.01,0.08,0.10
20.206,-0.09,-0.00,0.07,0.12
20.216,-0.07,-0.04,0.01,0.08
20.226,0.01,-0.07,0.06,0.09
20.236,0.05,-0.07,0.06,0.10
20.246,0.04,-0.02,0.08,0.09
20.256,0.03,0.00,0.09,0.10
20.265,0.04,0.02,0.06,0.08
20.275,0.05,0.03,0.07,0.09
20.285,0.04,0.03,0.07,0.08
20.295,0.03,-0.00,0.05,0.06
20.305,0.01,-0.04,0.07,0.08
20.315,-0.02,-0.05,0.09,0.10
20.325,-0.04,-0.03,0.07,0.08
20.335,-0.04,0.01,0.08,0.09
20.345,-0.03,0.02,0.07,0.08
20.355,0.03,0.02,0.05,0.06
20.365,0.07,-0.01,0.07,0.10
20.375,0.09,-0.03,0.05,0.11
20.385,0.08,-0.02,0.05,0.10
20.395,0.05,0.00,0.09,0.10
20.405,-0.05,0.03,0.11,0.12
20.415,-0.08,0.05,0.09,0.13
20.425,-0.03,0.03,0.04,0.06
20.435,0.06,-0.02,0.03,0.07
20.444,0.11,-0.05,0.06,0.13
20.454,0.08,-0.04,0.13,0.16
20.464,0.02,-0.02,0.10,0.10
20.475,-0.00,0.02,0.05,0.05
20.484,-0.00,0.01,0.06,0.06
20.494,-0.01,-0.02,0.08,0.08
20.504,-0.03,-0.04,0.07,0.09
20.514,-0.01,-0.06,0.07,0.10
20.524,0.01,-0.05,0.06,0.08
20.534,0.00,-0.05,0.06,0.08
20.544,-0.03,-0.04,0.07,0.08
20.554,-0.04,-0.03,0.08,0.09
20.564,-0.01,-0.05,0.07,0.08
20.574,0.02,-0.03,0.04,0.06
20.584,0.02,-0.04,0.06,0.07
20.594,0.00,-0.03,0.05,0.06
20.604,-0.01,-0.01,0.08,0.08
20.614,-0.00,0.00,0.09,0.09
20.624,0.01,0.01,0.07,0.07
20.634,0.02,-0.00,0.04,0.04
20.643,0.05,-0.02,0.06,0.08
20.653,0.06,-0.03,0.09,0.11
20.663,0.05,-0.02,0.09,0.10
20.673,0.02,0.02,0.08,0.09
20.683,-0.00,0.03,0.07,0.07
20.693,0.00,0.01,0.07,0.07
20.703,0.03,0.00,0.08,0.09
20.713,0.04,-0.02,0.07,0.08
20.723,0.06,-0.01,0.07,0.09
20.733,0.04,-0.00,0.07,0.08
20.743,0.01,0.00,0.08,0.08
20.753,-0.02,-0.02,0.08,0.08
20.763,-0.08,-0.03,0.08,0.11
20.773,-0.08,-0.06,0.03,0.10
20.783,-0.00,-0.08,0.04,0.09
20.793,0.06,-0.08,0.04,0.11
20.803,0.07,-0.07,0.08,0.13
20.813,0.03,-0.02,0.10,0.10
20.823,-0.03,0.02,0.09,0.10
20.833,-0.03,0.04,0.06,0.08
20.843,0.05,0.00,0.15,0.16
20.852,0.07,0.02,0.08,0.11
20.862,0.02,-0.03,0.05,0.06
20.872,0.01,-0.03,-0.16,0.17
20.882,0.12,-0.03,0.39,0.41
20.892,0.16,0.04,0.07,0.18
20.902,0.12,0.05,-0.03,0.13
20.912,-0.02,-0.00,0.05,0.06
20.922,-0.18,-0.05,-0.03,0.19
20.932,-0.24,-0.10,0.03,0.26
20.942,-0.26,0.03,0.08,0.27
20.952,-0.17,0.09,0.14,0.24
